"","DateTime","State","Hourly Demand Met (in MW)","Temperature","Dew Point","Humidity","Wind","Wind Speed","Wind Gust","Pressure","Precip.","Condition"
"1",2022-01-01,"Delhi - 2022",2148.22,8,"7 °C",93,"CALM","0 km/h","0 km/h","992.62 hPa","0.0 mm","Fog"
"2",2022-01-01 01:00:00,"Delhi - 2022",1863.54,8,"7 °C",93,"CALM","0 km/h","0 km/h","993.59 hPa","0.0 mm","Fog"
"3",2022-01-01 02:00:00,"Delhi - 2022",1697.53,7,"6 °C",93,"CALM","0 km/h","0 km/h","993.59 hPa","0.0 mm","Fog"
"4",2022-01-01 03:00:00,"Delhi - 2022",1593.03,7,"6 °C",93,"W","6 km/h","0 km/h","994.56 hPa","0.0 mm","Fog"
"5",2022-01-01 04:00:00,"Delhi - 2022",1603.47,9,"8 °C",93,"W","6 km/h","0 km/h","994.56 hPa","0.0 mm","Fog"
"6",2022-01-01 05:00:00,"Delhi - 2022",1764.45,11,"9 °C",88,"WSW","7 km/h","0 km/h","995.54 hPa","0.0 mm","Fog"
"7",2022-01-01 06:00:00,"Delhi - 2022",2208.16,13,"10 °C",82,"WSW","7 km/h","0 km/h","995.54 hPa","0.0 mm","Fog"
"8",2022-01-01 06:00:00,"Delhi - 2022",2208.16,16,"10 °C",68,"W","7 km/h","0 km/h","994.56 hPa","0.0 mm","Smoke"
"9",2022-01-01 07:00:00,"Delhi - 2022",2958.64,17,"9 °C",59,"WNW","9 km/h","0 km/h","993.59 hPa","0.0 mm","Smoke"
"10",2022-01-01 08:00:00,"Delhi - 2022",3775.61,18,"8 °C",52,"W","9 km/h","0 km/h","993.59 hPa","0.0 mm","Smoke"
"11",2022-01-01 09:00:00,"Delhi - 2022",4083.54,19,"8 °C",49,"W","9 km/h","0 km/h","991.65 hPa","0.0 mm","Smoke"
"12",2022-01-01 10:00:00,"Delhi - 2022",4391.72,17,"7 °C",52,"W","6 km/h","0 km/h","991.65 hPa","0.0 mm","Smoke"
"13",2022-01-01 11:00:00,"Delhi - 2022",4423.64,18,"7 °C",49,"W","7 km/h","0 km/h","991.65 hPa","0.0 mm","Smoke"
"14",2022-01-01 12:00:00,"Delhi - 2022",4175.41,16,"10 °C",68,"VAR","4 km/h","0 km/h","991.65 hPa","0.0 mm","Smoke"
"15",2022-01-01 13:00:00,"Delhi - 2022",3756.09,15,"11 °C",77,"CALM","0 km/h","0 km/h","992.62 hPa","0.0 mm","Fog"
"16",2022-01-01 14:00:00,"Delhi - 2022",3330.72,13,"12 °C",94,"CALM","0 km/h","0 km/h","992.62 hPa","0.0 mm","Fog"
"17",2022-01-01 15:00:00,"Delhi - 2022",3132.73,12,"11 °C",94,"CALM","0 km/h","0 km/h","993.59 hPa","0.0 mm","Fog"
"18",2022-01-01 16:00:00,"Delhi - 2022",2992.18,12,"11 °C",94,"CALM","0 km/h","0 km/h","993.59 hPa","0.0 mm","Fog"
"19",2022-01-01 17:00:00,"Delhi - 2022",3061.99,11,"10 °C",94,"CALM","0 km/h","0 km/h","993.59 hPa","0.0 mm","Fog"
"20",2022-01-01 18:00:00,"Delhi - 2022",3272.55,11,"10 °C",94,"CALM","0 km/h","0 km/h","992.62 hPa","0.0 mm","Fog"
"21",2022-01-01 19:00:00,"Delhi - 2022",3238.42,11,"10 °C",94,"CALM","0 km/h","0 km/h","992.62 hPa","0.0 mm","Fog"
"22",2022-01-01 20:00:00,"Delhi - 2022",3102.41,10,"9 °C",94,"CALM","0 km/h","0 km/h","992.62 hPa","0.0 mm","Fog"
"23",2022-01-01 22:00:00,"Delhi - 2022",2750.39,9,"8 °C",93,"VAR","4 km/h","0 km/h","991.65 hPa","0.0 mm","Fog"
"24",2022-01-01 23:00:00,"Delhi - 2022",2352.43,9,"9 °C",100,"WSW","7 km/h","0 km/h","991.65 hPa","0.0 mm","Fog"
"25",2022-01-02 01:00:00,"Delhi - 2022",1645.46,8,"8 °C",100,"CALM","0 km/h","0 km/h","991.65 hPa","0.0 mm","Fog"
"26",2022-01-02 02:00:00,"Delhi - 2022",1521.14,8,"8 °C",100,"CALM","0 km/h","0 km/h","992.62 hPa","0.0 mm","Fog"
"27",2022-01-02 03:00:00,"Delhi - 2022",1466.14,8,"8 °C",100,"VAR","4 km/h","0 km/h","992.62 hPa","0.0 mm","Fog"
"28",2022-01-02 04:00:00,"Delhi - 2022",1470.24,10,"9 °C",94,"VAR","4 km/h","0 km/h","993.59 hPa","0.0 mm","Fog"
"29",2022-01-02 05:00:00,"Delhi - 2022",1603.94,11,"10 °C",94,"VAR","4 km/h","0 km/h","994.56 hPa","0.0 mm","Fog"
"30",2022-01-02 06:00:00,"Delhi - 2022",1983.95,14,"12 °C",88,"W","6 km/h","0 km/h","993.59 hPa","0.0 mm","Fog"
"31",2022-01-02 06:00:00,"Delhi - 2022",1983.95,16,"11 °C",72,"W","7 km/h","0 km/h","993.59 hPa","0.0 mm","Smoke"
"32",2022-01-02 07:00:00,"Delhi - 2022",2565.22,17,"10 °C",63,"W","9 km/h","0 km/h","992.62 hPa","0.0 mm","Smoke"
"33",2022-01-02 08:00:00,"Delhi - 2022",3276.91,19,"9 °C",52,"W","11 km/h","0 km/h","991.65 hPa","0.0 mm","Smoke"
"34",2022-01-02 09:00:00,"Delhi - 2022",3619.82,19,"8 °C",49,"WNW","7 km/h","0 km/h","990.68 hPa","0.0 mm","Smoke"
"35",2022-01-02 10:00:00,"Delhi - 2022",4055.53,19,"8 °C",49,"WNW","7 km/h","0 km/h","989.70 hPa","0.0 mm","Smoke"
"36",2022-01-02 11:00:00,"Delhi - 2022",4048.29,19,"8 °C",49,"W","7 km/h","0 km/h","990.68 hPa","0.0 mm","Smoke"
"37",2022-01-02 12:00:00,"Delhi - 2022",3873.83,17,"8 °C",55,"WSW","6 km/h","0 km/h","990.68 hPa","0.0 mm","Smoke"
"38",2022-01-02 13:00:00,"Delhi - 2022",3479.37,16,"9 °C",63,"W","9 km/h","0 km/h","991.65 hPa","0.0 mm","Smoke"
"39",2022-01-02 14:00:00,"Delhi - 2022",3168.39,14,"10 °C",77,"CALM","0 km/h","0 km/h","992.62 hPa","0.0 mm","Fog"
"40",2022-01-02 15:00:00,"Delhi - 2022",2942.64,13,"10 °C",82,"CALM","0 km/h","0 km/h","992.62 hPa","0.0 mm","Fog"
"41",2022-01-02 16:00:00,"Delhi - 2022",2835.71,12,"10 °C",88,"CALM","0 km/h","0 km/h","992.62 hPa","0.0 mm","Fog"
"42",2022-01-02 17:00:00,"Delhi - 2022",2920.78,12,"10 °C",88,"CALM","0 km/h","0 km/h","992.62 hPa","0.0 mm","Fog"
"43",2022-01-02 18:00:00,"Delhi - 2022",3273.91,11,"10 °C",94,"CALM","0 km/h","0 km/h","992.62 hPa","0.0 mm","Fog"
"44",2022-01-02 19:00:00,"Delhi - 2022",3279.8,11,"10 °C",94,"CALM","0 km/h","0 km/h","991.65 hPa","0.0 mm","Fog"
"45",2022-01-02 20:00:00,"Delhi - 2022",3163.36,10,"9 °C",94,"CALM","0 km/h","0 km/h","990.68 hPa","0.0 mm","Fog"
"46",2022-01-02 21:00:00,"Delhi - 2022",2984.03,9,"8 °C",93,"CALM","0 km/h","0 km/h","990.68 hPa","0.0 mm","Fog"
"47",2022-01-02 22:00:00,"Delhi - 2022",2767.03,9,"8 °C",93,"CALM","0 km/h","0 km/h","989.70 hPa","0.0 mm","Fog"
"48",2022-01-02 23:00:00,"Delhi - 2022",2347.13,9,"8 °C",93,"CALM","0 km/h","0 km/h","989.70 hPa","0.0 mm","Fog"
"49",2022-01-03 01:00:00,"Delhi - 2022",1645.43,9,"8 °C",93,"CALM","0 km/h","0 km/h","990.68 hPa","0.0 mm","Fog"
"50",2022-01-03 02:00:00,"Delhi - 2022",1539.01,8,"7 °C",93,"CALM","0 km/h","0 km/h","990.68 hPa","0.0 mm","Fog"
"51",2022-01-03 03:00:00,"Delhi - 2022",1486.47,8,"7 °C",93,"CALM","0 km/h","0 km/h","991.65 hPa","0.0 mm","Fog"
"52",2022-01-03 04:00:00,"Delhi - 2022",1481,11,"9 °C",88,"CALM","0 km/h","0 km/h","991.65 hPa","0.0 mm","Fog"
"53",2022-01-03 05:00:00,"Delhi - 2022",1661.94,13,"10 °C",82,"WSW","7 km/h","0 km/h","992.62 hPa","0.0 mm","Fog"
"54",2022-01-03 06:00:00,"Delhi - 2022",2133.44,16,"10 °C",68,"WSW","6 km/h","0 km/h","991.65 hPa","0.0 mm","Smoke"
"55",2022-01-03 06:00:00,"Delhi - 2022",2133.44,18,"9 °C",56,"WSW","9 km/h","0 km/h","990.68 hPa","0.0 mm","Smoke"
"56",2022-01-03 07:00:00,"Delhi - 2022",2966.21,19,"8 °C",49,"W","9 km/h","0 km/h","989.70 hPa","0.0 mm","Smoke"
"57",2022-01-03 08:00:00,"Delhi - 2022",3859.39,19,"7 °C",46,"W","11 km/h","0 km/h","988.73 hPa","0.0 mm","Smoke"
"58",2022-01-03 09:00:00,"Delhi - 2022",4236.88,20,"5 °C",37,"WNW","11 km/h","0 km/h","988.73 hPa","0.0 mm","Smoke"
"59",2022-01-03 10:00:00,"Delhi - 2022",4475.19,20,"6 °C",40,"W","11 km/h","0 km/h","988.73 hPa","0.0 mm","Smoke"
"60",2022-01-03 11:00:00,"Delhi - 2022",4394.56,19,"9 °C",52,"W","11 km/h","0 km/h","988.73 hPa","0.0 mm","Smoke"
"61",2022-01-03 12:00:00,"Delhi - 2022",4169.93,17,"10 °C",63,"CALM","0 km/h","0 km/h","988.73 hPa","0.0 mm","Smoke"
"62",2022-01-03 13:00:00,"Delhi - 2022",3789.19,17,"11 °C",68,"CALM","0 km/h","0 km/h","989.70 hPa","0.0 mm","Smoke"
"63",2022-01-03 14:00:00,"Delhi - 2022",3461.3,16,"11 °C",72,"CALM","0 km/h","0 km/h","989.70 hPa","0.0 mm","Smoke"
"64",2022-01-03 15:00:00,"Delhi - 2022",3335.2,15,"11 °C",77,"CALM","0 km/h","0 km/h","989.70 hPa","0.0 mm","Fog"
"65",2022-01-03 16:00:00,"Delhi - 2022",3193.03,15,"12 °C",82,"CALM","0 km/h","0 km/h","989.70 hPa","0.0 mm","Fog"
"66",2022-01-03 17:00:00,"Delhi - 2022",3275.69,15,"12 °C",82,"CALM","0 km/h","0 km/h","990.68 hPa","0.0 mm","Fog"
"67",2022-01-03 18:00:00,"Delhi - 2022",3664.91,14,"12 °C",88,"CALM","0 km/h","0 km/h","990.68 hPa","0.0 mm","Fog"
"68",2022-01-03 19:00:00,"Delhi - 2022",3616.51,13,"12 °C",94,"CALM","0 km/h","0 km/h","989.70 hPa","0.0 mm","Fog"
"69",2022-01-03 20:00:00,"Delhi - 2022",3308.6,12,"12 °C",100,"CALM","0 km/h","0 km/h","989.70 hPa","0.0 mm","Fog"
"70",2022-01-03 21:00:00,"Delhi - 2022",3107.91,12,"12 °C",100,"CALM","0 km/h","0 km/h","989.70 hPa","0.0 mm","Fog"
"71",2022-01-03 22:00:00,"Delhi - 2022",2866.55,11,"11 °C",100,"CALM","0 km/h","0 km/h","989.70 hPa","0.0 mm","Fog"
"72",2022-01-03 23:00:00,"Delhi - 2022",2407.9,11,"12 °C",0,"CALM","0 km/h","0 km/h","988.73 hPa","0.0 mm","Fog"
"73",2022-01-04 01:00:00,"Delhi - 2022",1703.17,11,"11 °C",100,"CALM","0 km/h","0 km/h","988.73 hPa","0.0 mm","Fog"
"74",2022-01-04 02:00:00,"Delhi - 2022",1598.25,12,"12 °C",100,"W","6 km/h","0 km/h","989.70 hPa","0.0 mm","Fog"
"75",2022-01-04 03:00:00,"Delhi - 2022",1531.35,12,"12 °C",100,"CALM","0 km/h","0 km/h","989.70 hPa","0.0 mm","Fog"
"76",2022-01-04 04:00:00,"Delhi - 2022",1544.55,12,"12 °C",100,"CALM","0 km/h","0 km/h","990.68 hPa","0.0 mm","Fog"
"77",2022-01-04 05:00:00,"Delhi - 2022",1704.71,15,"13 °C",88,"W","7 km/h","0 km/h","991.65 hPa","0.0 mm","Fog"
"78",2022-01-04 06:00:00,"Delhi - 2022",2175.8,19,"8 °C",49,"WNW","7 km/h","0 km/h","990.68 hPa","0.0 mm","Smoke"
"79",2022-01-04 06:00:00,"Delhi - 2022",2175.8,18,"11 °C",64,"SW","6 km/h","0 km/h","991.65 hPa","0.0 mm","Smoke"
"80",2022-01-04 07:00:00,"Delhi - 2022",2984.95,21,"3 °C",31,"WNW","11 km/h","0 km/h","989.70 hPa","0.0 mm","Smoke"
"81",2022-01-04 08:00:00,"Delhi - 2022",3868.96,21,"3 °C",31,"NNW","7 km/h","0 km/h","988.73 hPa","0.0 mm","Smoke"
"82",2022-01-04 09:00:00,"Delhi - 2022",4108.89,22,"3 °C",29,"NW","7 km/h","0 km/h","987.76 hPa","0.0 mm","Haze"
"83",2022-01-04 10:00:00,"Delhi - 2022",4485.1,22,"1 °C",25,"NNE","7 km/h","0 km/h","986.79 hPa","0.0 mm","Haze"
"84",2022-01-04 11:00:00,"Delhi - 2022",4367.17,21,"5 °C",35,"NW","6 km/h","0 km/h","987.76 hPa","0.0 mm","Haze"
"85",2022-01-04 12:00:00,"Delhi - 2022",4047.32,18,"7 °C",49,"CALM","0 km/h","0 km/h","988.73 hPa","0.0 mm","Haze"
"86",2022-01-04 13:00:00,"Delhi - 2022",3705.86,17,"8 °C",55,"CALM","0 km/h","0 km/h","988.73 hPa","0.0 mm","Smoke"
"87",2022-01-04 14:00:00,"Delhi - 2022",3454.56,17,"8 °C",55,"CALM","0 km/h","0 km/h","988.73 hPa","0.0 mm","Haze"
"88",2022-01-04 15:00:00,"Delhi - 2022",3353.94,16,"9 °C",63,"CALM","0 km/h","0 km/h","989.70 hPa","0.0 mm","Haze"
"89",2022-01-04 16:00:00,"Delhi - 2022",3156.3,16,"9 °C",63,"CALM","0 km/h","0 km/h","989.70 hPa","0.0 mm","Haze"
"90",2022-01-04 17:00:00,"Delhi - 2022",3273.23,16,"9 °C",63,"CALM","0 km/h","0 km/h","989.70 hPa","0.0 mm","Smoke"
"91",2022-01-04 18:00:00,"Delhi - 2022",3590.1,16,"10 °C",68,"CALM","0 km/h","0 km/h","988.73 hPa","0.0 mm","Smoke"
"92",2022-01-04 19:00:00,"Delhi - 2022",3491.53,15,"10 °C",72,"CALM","0 km/h","0 km/h","988.73 hPa","0.0 mm","Smoke"
"93",2022-01-04 20:00:00,"Delhi - 2022",3297.98,15,"10 °C",72,"CALM","0 km/h","0 km/h","988.73 hPa","0.0 mm","Smoke"
"94",2022-01-04 21:00:00,"Delhi - 2022",3001.96,14,"10 °C",77,"CALM","0 km/h","0 km/h","988.73 hPa","0.0 mm","Fog"
"95",2022-01-04 22:00:00,"Delhi - 2022",2767.53,13,"10 °C",82,"CALM","0 km/h","0 km/h","987.76 hPa","0.0 mm","Fog"
"96",2022-01-04 23:00:00,"Delhi - 2022",2335.49,13,"10 °C",82,"CALM","0 km/h","0 km/h","987.76 hPa","0.0 mm","Fog"
"97",2022-01-05 01:00:00,"Delhi - 2022",1671.22,14,"11 °C",82,"E","6 km/h","0 km/h","987.76 hPa","0.0 mm","Fog"
"98",2022-01-05 02:00:00,"Delhi - 2022",1575.03,13,"11 °C",88,"SE","6 km/h","0 km/h","988.73 hPa","0.0 mm","Fog"
"99",2022-01-05 03:00:00,"Delhi - 2022",1511.21,14,"13 °C",94,"CALM","0 km/h","0 km/h","988.73 hPa","0.0 mm","Drizzle and Fog"
"100",2022-01-05 04:00:00,"Delhi - 2022",1514.07,14,"14 °C",100,"W","6 km/h","0 km/h","990.68 hPa","0.0 mm","Light Rain"
"101",2022-01-05 05:00:00,"Delhi - 2022",1690.29,15,"14 °C",94,"CALM","0 km/h","0 km/h","990.68 hPa","0.0 mm","Light Rain"
"102",2022-01-05 06:00:00,"Delhi - 2022",2168.23,15,"14 °C",94,"E","7 km/h","0 km/h","989.70 hPa","0.0 mm","Light Rain"
"103",2022-01-05 06:00:00,"Delhi - 2022",2168.23,15,"14 °C",94,"CALM","0 km/h","0 km/h","990.68 hPa","0.0 mm","Light Rain"
"104",2022-01-05 07:00:00,"Delhi - 2022",2955.68,15,"14 °C",94,"E","9 km/h","0 km/h","988.73 hPa","0.0 mm","Light Rain"
"105",2022-01-05 08:00:00,"Delhi - 2022",3795.99,14,"13 °C",94,"E","15 km/h","0 km/h","987.76 hPa","0.0 mm","Light Rain"
"106",2022-01-05 09:00:00,"Delhi - 2022",4045.59,14,"13 °C",94,"ENE","19 km/h","0 km/h","986.79 hPa","0.0 mm","Light Rain"
"107",2022-01-05 10:00:00,"Delhi - 2022",4307.75,14,"13 °C",94,"E","19 km/h","0 km/h","985.81 hPa","0.0 mm","Light Rain"
"108",2022-01-05 11:00:00,"Delhi - 2022",4331.33,12,"12 °C",100,"E","15 km/h","0 km/h","986.79 hPa","0.0 mm","Light Rain"
"109",2022-01-05 12:00:00,"Delhi - 2022",4258.42,13,"12 °C",94,"E","15 km/h","0 km/h","985.81 hPa","0.0 mm","Fog"
"110",2022-01-05 13:00:00,"Delhi - 2022",3960.96,13,"13 °C",100,"E","15 km/h","0 km/h","986.79 hPa","0.0 mm","Light Rain"
"111",2022-01-05 14:00:00,"Delhi - 2022",3720.6,13,"13 °C",100,"ESE","13 km/h","0 km/h","986.79 hPa","0.0 mm","Light Rain"
"112",2022-01-05 15:00:00,"Delhi - 2022",3613.54,13,"13 °C",100,"SE","17 km/h","0 km/h","987.76 hPa","0.0 mm","Rain"
"113",2022-01-05 16:00:00,"Delhi - 2022",3492.5,13,"13 °C",100,"SE","7 km/h","0 km/h","988.73 hPa","0.0 mm","Rain"
"114",2022-01-05 17:00:00,"Delhi - 2022",3463.84,13,"13 °C",100,"CALM","0 km/h","0 km/h","988.73 hPa","0.0 mm","Drizzle"
"115",2022-01-05 18:00:00,"Delhi - 2022",3762.98,13,"12 °C",94,"SE","7 km/h","0 km/h","988.73 hPa","0.0 mm","Fog"
"116",2022-01-05 19:00:00,"Delhi - 2022",3677.53,13,"12 °C",94,"E","9 km/h","0 km/h","987.76 hPa","0.0 mm","Fog"
"117",2022-01-05 20:00:00,"Delhi - 2022",3458.79,12,"12 °C",100,"ESE","6 km/h","0 km/h","987.76 hPa","0.0 mm","Fog"
"118",2022-01-05 21:00:00,"Delhi - 2022",3166.15,12,"12 °C",100,"E","9 km/h","0 km/h","987.76 hPa","0.0 mm","Fog"
"119",2022-01-05 22:00:00,"Delhi - 2022",2889.62,13,"12 °C",94,"E","6 km/h","0 km/h","986.79 hPa","0.0 mm","Fog"
"120",2022-01-05 23:00:00,"Delhi - 2022",2442.31,12,"12 °C",100,"E","7 km/h","0 km/h","987.76 hPa","0.0 mm","Fog"
"121",2022-01-06 01:00:00,"Delhi - 2022",1725.4,13,"12 °C",94,"E","7 km/h","0 km/h","988.73 hPa","0.0 mm","Fog"
"122",2022-01-06 02:00:00,"Delhi - 2022",1603.5,13,"13 °C",100,"E","11 km/h","0 km/h","988.73 hPa","0.0 mm","Fog"
"123",2022-01-06 03:00:00,"Delhi - 2022",1557.88,13,"13 °C",100,"E","17 km/h","0 km/h","989.70 hPa","0.0 mm","Fog"
"124",2022-01-06 04:00:00,"Delhi - 2022",1544.28,14,"14 °C",100,"E","15 km/h","0 km/h","989.70 hPa","0.0 mm","Fog"
"125",2022-01-06 05:00:00,"Delhi - 2022",1683.9,15,"14 °C",94,"E","15 km/h","0 km/h","990.68 hPa","0.0 mm","Fog"
"126",2022-01-06 06:00:00,"Delhi - 2022",1987.95,18,"15 °C",83,"ESE","15 km/h","0 km/h","988.73 hPa","0.0 mm","Fog"
"127",2022-01-06 06:00:00,"Delhi - 2022",1987.95,16,"16 °C",100,"ESE","15 km/h","0 km/h","989.70 hPa","0.0 mm","Fog"
"128",2022-01-06 07:00:00,"Delhi - 2022",2567.36,19,"15 °C",78,"ESE","13 km/h","0 km/h","987.76 hPa","0.0 mm","Fog"
"129",2022-01-06 08:00:00,"Delhi - 2022",3217.05,19,"14 °C",73,"SE","13 km/h","0 km/h","986.79 hPa","0.0 mm","Haze"
"130",2022-01-06 09:00:00,"Delhi - 2022",4084.88,19,"14 °C",73,"ESE","13 km/h","0 km/h","986.79 hPa","0.0 mm","Haze"
"131",2022-01-06 10:00:00,"Delhi - 2022",4294.79,18,"14 °C",77,"SE","9 km/h","0 km/h","986.79 hPa","0.0 mm","Fog"
"132",2022-01-06 11:00:00,"Delhi - 2022",4223.26,16,"13 °C",82,"SE","11 km/h","0 km/h","986.79 hPa","0.0 mm","Fog"
"133",2022-01-06 12:00:00,"Delhi - 2022",4167.51,17,"13 °C",77,"E","6 km/h","0 km/h","987.76 hPa","0.0 mm","Fog"
"134",2022-01-06 13:00:00,"Delhi - 2022",3761.37,15,"13 °C",88,"E","6 km/h","0 km/h","987.76 hPa","0.0 mm","Fog"
"135",2022-01-06 14:00:00,"Delhi - 2022",3500.78,15,"13 °C",88,"E","9 km/h","0 km/h","987.76 hPa","0.0 mm","Fog"
"136",2022-01-06 15:00:00,"Delhi - 2022",3451.35,15,"13 °C",88,"CALM","0 km/h","0 km/h","988.73 hPa","0.0 mm","Fog"
"137",2022-01-06 16:00:00,"Delhi - 2022",3323.87,15,"13 °C",88,"E","7 km/h","0 km/h","988.73 hPa","0.0 mm","Fog"
"138",2022-01-06 17:00:00,"Delhi - 2022",3350.94,15,"13 °C",88,"ESE","9 km/h","0 km/h","988.73 hPa","0.0 mm","Fog"
"139",2022-01-06 18:00:00,"Delhi - 2022",3549.32,15,"13 °C",88,"ESE","9 km/h","0 km/h","987.76 hPa","0.0 mm","Fog"
"140",2022-01-06 19:00:00,"Delhi - 2022",3562.9,15,"13 °C",88,"ESE","9 km/h","0 km/h","987.76 hPa","0.0 mm","Fog"
"141",2022-01-06 20:00:00,"Delhi - 2022",3380.94,14,"12 °C",88,"E","13 km/h","0 km/h","986.79 hPa","0.0 mm","Fog"
"142",2022-01-06 21:00:00,"Delhi - 2022",3069.74,14,"12 °C",88,"ESE","11 km/h","0 km/h","986.79 hPa","0.0 mm","Fog"
"143",2022-01-06 22:00:00,"Delhi - 2022",2887.83,14,"12 °C",88,"ESE","17 km/h","0 km/h","986.79 hPa","0.0 mm","Fog"
"144",2022-01-06 23:00:00,"Delhi - 2022",2461.94,15,"13 °C",88,"ESE","15 km/h","0 km/h","986.79 hPa","0.0 mm","Fog"
"145",2022-01-07 01:00:00,"Delhi - 2022",1791.98,15,"13 °C",88,"SE","11 km/h","0 km/h","987.76 hPa","0.0 mm","Fog"
"146",2022-01-07 02:00:00,"Delhi - 2022",1650.61,14,"13 °C",94,"SE","13 km/h","0 km/h","987.76 hPa","0.0 mm","Drizzle and Fog"
"147",2022-01-07 03:00:00,"Delhi - 2022",1602.16,14,"13 °C",94,"SSE","15 km/h","0 km/h","988.73 hPa","0.0 mm","Drizzle and Fog"
"148",2022-01-07 04:00:00,"Delhi - 2022",1606.75,15,"14 °C",94,"SSE","17 km/h","0 km/h","989.70 hPa","0.0 mm","Fog"
"149",2022-01-07 05:00:00,"Delhi - 2022",1759.43,16,"14 °C",88,"SE","13 km/h","0 km/h","989.70 hPa","0.0 mm","Fog"
"150",2022-01-07 06:00:00,"Delhi - 2022",2186.34,17,"14 °C",82,"SE","17 km/h","0 km/h","989.70 hPa","0.0 mm","Fog"
"151",2022-01-07 06:00:00,"Delhi - 2022",2186.34,17,"14 °C",82,"SE","17 km/h","0 km/h","990.68 hPa","0.0 mm","Fog"
"152",2022-01-07 07:00:00,"Delhi - 2022",2928.26,17,"14 °C",82,"SE","17 km/h","0 km/h","988.73 hPa","0.0 mm","Fog"
"153",2022-01-07 08:00:00,"Delhi - 2022",3814.25,17,"16 °C",94,"SE","19 km/h","0 km/h","987.76 hPa","0.0 mm","Fog"
"154",2022-01-07 09:00:00,"Delhi - 2022",4164.05,18,"17 °C",94,"SE","19 km/h","37 km/h","987.76 hPa","0.0 mm","Fog"
"155",2022-01-07 10:00:00,"Delhi - 2022",4555.71,18,"17 °C",94,"SE","17 km/h","0 km/h","986.79 hPa","0.0 mm","Fog"
"156",2022-01-07 11:00:00,"Delhi - 2022",4591.06,18,"17 °C",94,"SE","15 km/h","0 km/h","987.76 hPa","0.0 mm","Fog"
"157",2022-01-07 12:00:00,"Delhi - 2022",4433.37,17,"17 °C",100,"SE","11 km/h","0 km/h","987.76 hPa","0.0 mm","Fog"
"158",2022-01-07 13:00:00,"Delhi - 2022",4071.59,17,"17 °C",100,"ESE","11 km/h","0 km/h","987.76 hPa","0.0 mm","Fog"
"159",2022-01-07 14:00:00,"Delhi - 2022",3666.99,17,"17 °C",100,"ESE","17 km/h","0 km/h","987.76 hPa","0.0 mm","Fog"
"160",2022-01-07 15:00:00,"Delhi - 2022",3497.39,17,"17 °C",100,"ESE","17 km/h","0 km/h","987.76 hPa","0.0 mm","Fog"
"161",2022-01-07 16:00:00,"Delhi - 2022",3350.27,16,"16 °C",100,"E","20 km/h","0 km/h","987.76 hPa","0.0 mm","Fog"
"162",2022-01-07 17:00:00,"Delhi - 2022",3364.37,16,"16 °C",100,"E","22 km/h","0 km/h","986.79 hPa","0.0 mm","Fog"
"163",2022-01-07 18:00:00,"Delhi - 2022",3568.2,17,"17 °C",100,"ESE","13 km/h","0 km/h","987.76 hPa","0.0 mm","Fog"
"164",2022-01-07 19:00:00,"Delhi - 2022",3542.07,16,"15 °C",94,"ENE","9 km/h","0 km/h","986.79 hPa","0.0 mm","Light Rain with Thunder"
"165",2022-01-07 20:00:00,"Delhi - 2022",3290.73,16,"15 °C",94,"ENE","9 km/h","0 km/h","985.81 hPa","0.0 mm","Light Rain with Thunder"
"166",2022-01-07 21:00:00,"Delhi - 2022",2976.98,16,"15 °C",94,"CALM","0 km/h","0 km/h","986.79 hPa","0.0 mm","T-Storm"
"167",2022-01-07 22:00:00,"Delhi - 2022",2763.5,15,"15 °C",100,"ENE","15 km/h","0 km/h","985.81 hPa","0.0 mm","T-Storm"
"168",2022-01-07 23:00:00,"Delhi - 2022",2373.94,15,"15 °C",100,"E","11 km/h","0 km/h","985.81 hPa","0.0 mm","T-Storm"
"169",2022-01-08 01:00:00,"Delhi - 2022",1684.22,15,"15 °C",100,"E","11 km/h","0 km/h","985.81 hPa","0.0 mm","T-Storm"
"170",2022-01-08 02:00:00,"Delhi - 2022",1559.13,15,"15 °C",100,"E","15 km/h","0 km/h","986.79 hPa","0.0 mm","T-Storm"
"171",2022-01-08 03:00:00,"Delhi - 2022",1476.06,15,"15 °C",100,"E","13 km/h","0 km/h","987.76 hPa","0.0 mm","Light Rain with Thunder"
"172",2022-01-08 04:00:00,"Delhi - 2022",1337.56,15,"15 °C",100,"E","17 km/h","0 km/h","987.76 hPa","0.0 mm","Light Rain with Thunder"
"173",2022-01-08 05:00:00,"Delhi - 2022",1524.93,16,"16 °C",100,"ESE","6 km/h","0 km/h","989.70 hPa","0.0 mm","Light Rain with Thunder"
"174",2022-01-08 06:00:00,"Delhi - 2022",1793.58,16,"15 °C",94,"E","7 km/h","0 km/h","989.70 hPa","0.0 mm","T-Storm"
"175",2022-01-08 06:00:00,"Delhi - 2022",1793.58,16,"15 °C",94,"E","15 km/h","0 km/h","989.70 hPa","0.0 mm","T-Storm"
"176",2022-01-08 07:00:00,"Delhi - 2022",2219.08,16,"15 °C",94,"E","15 km/h","0 km/h","987.76 hPa","0.0 mm","Fog"
"177",2022-01-08 08:00:00,"Delhi - 2022",2762.84,16,"15 °C",94,"E","19 km/h","0 km/h","987.76 hPa","0.0 mm","Fog"
"178",2022-01-08 09:00:00,"Delhi - 2022",3051.67,16,"15 °C",94,"E","19 km/h","0 km/h","986.79 hPa","0.0 mm","Fog"
"179",2022-01-08 10:00:00,"Delhi - 2022",3299.24,16,"15 °C",94,"E","17 km/h","0 km/h","986.79 hPa","0.0 mm","Fog"
"180",2022-01-08 13:00:00,"Delhi - 2022",3093.27,16,"15 °C",94,"E","20 km/h","0 km/h","986.79 hPa","0.0 mm","Fog"
"181",2022-01-08 14:00:00,"Delhi - 2022",2890.84,16,"15 °C",94,"SE","19 km/h","0 km/h","987.76 hPa","0.0 mm","Light Rain with Thunder"
"182",2022-01-08 15:00:00,"Delhi - 2022",2666.13,16,"15 °C",94,"E","15 km/h","0 km/h","987.76 hPa","0.0 mm","Fog"
"183",2022-01-08 16:00:00,"Delhi - 2022",2480.9,16,"15 °C",94,"SE","9 km/h","0 km/h","987.76 hPa","0.0 mm","Fog"
"184",2022-01-08 17:00:00,"Delhi - 2022",2500.02,16,"15 °C",94,"ESE","13 km/h","0 km/h","987.76 hPa","0.0 mm","Fog"
"185",2022-01-08 18:00:00,"Delhi - 2022",2771.22,16,"15 °C",94,"E","6 km/h","0 km/h","986.79 hPa","0.0 mm","Fog"
"186",2022-01-08 19:00:00,"Delhi - 2022",2814.22,16,"15 °C",94,"CALM","0 km/h","0 km/h","986.79 hPa","0.0 mm","Fog"
"187",2022-01-08 20:00:00,"Delhi - 2022",2732.38,16,"15 °C",94,"CALM","0 km/h","0 km/h","986.79 hPa","0.0 mm","Fog"
"188",2022-01-08 21:00:00,"Delhi - 2022",2636.03,16,"15 °C",94,"CALM","0 km/h","0 km/h","986.79 hPa","0.0 mm","Fog"
"189",2022-01-08 22:00:00,"Delhi - 2022",2415.34,15,"14 °C",94,"CALM","0 km/h","0 km/h","985.81 hPa","0.0 mm","Fog"
"190",2022-01-08 23:00:00,"Delhi - 2022",2065.78,15,"14 °C",94,"CALM","0 km/h","0 km/h","985.81 hPa","0.0 mm","Fog"
"191",2022-01-09 01:00:00,"Delhi - 2022",1572.77,15,"14 °C",94,"WSW","7 km/h","0 km/h","985.81 hPa","0.0 mm","Fog"
"192",2022-01-09 02:00:00,"Delhi - 2022",1572.77,14,"14 °C",100,"WSW","7 km/h","0 km/h","985.81 hPa","0.0 mm","Light Rain"
"193",2022-01-09 03:00:00,"Delhi - 2022",1572.77,14,"14 °C",100,"WSW","9 km/h","0 km/h","986.79 hPa","0.0 mm","Fog"
"194",2022-01-09 04:00:00,"Delhi - 2022",1572.77,14,"14 °C",100,"WSW","6 km/h","0 km/h","986.79 hPa","0.0 mm","Fog"
"195",2022-01-09 05:00:00,"Delhi - 2022",1572.77,14,"14 °C",100,"CALM","0 km/h","0 km/h","987.76 hPa","0.0 mm","Fog"
"196",2022-01-09 06:00:00,"Delhi - 2022",1710.72,14,"14 °C",100,"W","6 km/h","0 km/h","987.76 hPa","0.0 mm","Fog"
"197",2022-01-09 06:00:00,"Delhi - 2022",1710.72,14,"14 °C",100,"W","15 km/h","0 km/h","987.76 hPa","0.0 mm","Drizzle"
"198",2022-01-09 07:00:00,"Delhi - 2022",2153.39,13,"13 °C",100,"W","19 km/h","0 km/h","986.79 hPa","0.0 mm","Drizzle"
"199",2022-01-09 08:00:00,"Delhi - 2022",2741.26,13,"13 °C",100,"W","15 km/h","0 km/h","986.79 hPa","0.0 mm","Drizzle"
"200",2022-01-09 09:00:00,"Delhi - 2022",3209.88,13,"12 °C",94,"W","13 km/h","0 km/h","986.79 hPa","0.0 mm","Fog"
"201",2022-01-09 10:00:00,"Delhi - 2022",3594.52,13,"13 °C",100,"W","11 km/h","0 km/h","986.79 hPa","0.0 mm","Fog"
"202",2022-01-09 11:00:00,"Delhi - 2022",3801.12,12,"12 °C",100,"W","15 km/h","0 km/h","986.79 hPa","0.0 mm","Fog"
"203",2022-01-09 12:00:00,"Delhi - 2022",3703.35,12,"12 °C",100,"W","11 km/h","0 km/h","986.79 hPa","0.0 mm","Fog"
"204",2022-01-09 13:00:00,"Delhi - 2022",3476.67,12,"12 °C",100,"W","11 km/h","0 km/h","986.79 hPa","0.0 mm","Fog"
"205",2022-01-09 14:00:00,"Delhi - 2022",3159.81,12,"12 °C",100,"W","9 km/h","0 km/h","987.76 hPa","0.0 mm","Fog"
"206",2022-01-09 15:00:00,"Delhi - 2022",2858.21,12,"11 °C",94,"W","9 km/h","0 km/h","987.76 hPa","0.0 mm","Fog"
"207",2022-01-09 16:00:00,"Delhi - 2022",2579.99,13,"12 °C",94,"W","7 km/h","0 km/h","987.76 hPa","0.0 mm","Fog"
"208",2022-01-09 17:00:00,"Delhi - 2022",2617.1,12,"12 °C",100,"W","9 km/h","0 km/h","988.73 hPa","0.0 mm","Fog"
"209",2022-01-09 18:00:00,"Delhi - 2022",2857.48,12,"12 °C",100,"W","9 km/h","0 km/h","988.73 hPa","0.0 mm","Fog"
"210",2022-01-09 19:00:00,"Delhi - 2022",2913.54,12,"12 °C",100,"W","7 km/h","0 km/h","988.73 hPa","0.0 mm","Fog"
"211",2022-01-09 20:00:00,"Delhi - 2022",2807.07,11,"11 °C",100,"W","6 km/h","0 km/h","988.73 hPa","0.0 mm","Fog"
"212",2022-01-09 21:00:00,"Delhi - 2022",2732.96,11,"11 °C",100,"WSW","7 km/h","0 km/h","987.76 hPa","0.0 mm","Fog"
"213",2022-01-09 22:00:00,"Delhi - 2022",2546.92,10,"10 °C",100,"W","6 km/h","0 km/h","987.76 hPa","0.0 mm","Fog"
"214",2022-01-09 23:00:00,"Delhi - 2022",2139.5,11,"10 °C",94,"WNW","7 km/h","0 km/h","987.76 hPa","0.0 mm","Fog"
"215",2022-01-10 01:00:00,"Delhi - 2022",1516.72,10,"10 °C",100,"W","7 km/h","0 km/h","988.73 hPa","0.0 mm","Fog"
"216",2022-01-10 02:00:00,"Delhi - 2022",1413.62,10,"10 °C",100,"WSW","7 km/h","0 km/h","988.73 hPa","0.0 mm","Fog"
"217",2022-01-10 03:00:00,"Delhi - 2022",1369.57,10,"10 °C",100,"VAR","4 km/h","0 km/h","989.70 hPa","0.0 mm","Fog"
"218",2022-01-10 04:00:00,"Delhi - 2022",1389.1,11,"10 °C",94,"NW","6 km/h","0 km/h","990.68 hPa","0.0 mm","Fog"
"219",2022-01-10 05:00:00,"Delhi - 2022",1548,12,"11 °C",94,"NW","6 km/h","0 km/h","990.68 hPa","0.0 mm","Fog"
"220",2022-01-10 06:00:00,"Delhi - 2022",1999.5,13,"12 °C",94,"WNW","6 km/h","0 km/h","991.65 hPa","0.0 mm","Fog"
"221",2022-01-10 06:00:00,"Delhi - 2022",1999.5,15,"13 °C",88,"W","6 km/h","0 km/h","990.68 hPa","0.0 mm","Fog"
"222",2022-01-10 07:00:00,"Delhi - 2022",2740.56,15,"13 °C",88,"W","9 km/h","0 km/h","989.70 hPa","0.0 mm","Fog"
"223",2022-01-10 08:00:00,"Delhi - 2022",3731.82,15,"13 °C",88,"W","9 km/h","0 km/h","989.70 hPa","0.0 mm","Fog"
"224",2022-01-10 09:00:00,"Delhi - 2022",4103.84,16,"13 °C",82,"W","13 km/h","0 km/h","988.73 hPa","0.0 mm","Fog"
"225",2022-01-10 10:00:00,"Delhi - 2022",4557.71,16,"13 °C",82,"WNW","9 km/h","0 km/h","988.73 hPa","0.0 mm","Fog"
"226",2022-01-10 11:00:00,"Delhi - 2022",4522.67,15,"13 °C",88,"WNW","11 km/h","0 km/h","988.73 hPa","0.0 mm","Fog"
"227",2022-01-10 12:00:00,"Delhi - 2022",4333.13,13,"12 °C",94,"WNW","9 km/h","0 km/h","989.70 hPa","0.0 mm","Fog"
"228",2022-01-10 13:00:00,"Delhi - 2022",3946.82,13,"12 °C",94,"WSW","6 km/h","0 km/h","989.70 hPa","0.0 mm","Fog"
"229",2022-01-10 14:00:00,"Delhi - 2022",3671.93,13,"12 °C",94,"CALM","0 km/h","0 km/h","990.68 hPa","0.0 mm","Fog"
"230",2022-01-10 15:00:00,"Delhi - 2022",3504.97,12,"11 °C",94,"CALM","0 km/h","0 km/h","990.68 hPa","0.0 mm","Fog"
"231",2022-01-10 16:00:00,"Delhi - 2022",3371.51,11,"10 °C",94,"CALM","0 km/h","0 km/h","990.68 hPa","0.0 mm","Fog"
"232",2022-01-10 17:00:00,"Delhi - 2022",3411.52,11,"10 °C",94,"CALM","0 km/h","0 km/h","990.68 hPa","0.0 mm","Fog"
"233",2022-01-10 18:00:00,"Delhi - 2022",3633.03,10,"9 °C",94,"CALM","0 km/h","0 km/h","990.68 hPa","0.0 mm","Fog"
"234",2022-01-10 19:00:00,"Delhi - 2022",3651.1,10,"9 °C",94,"CALM","0 km/h","0 km/h","990.68 hPa","0.0 mm","Fog"
"235",2022-01-10 20:00:00,"Delhi - 2022",3450.37,9,"8 °C",93,"CALM","0 km/h","0 km/h","990.68 hPa","0.0 mm","Fog"
"236",2022-01-10 21:00:00,"Delhi - 2022",3178.58,9,"8 °C",93,"CALM","0 km/h","0 km/h","989.70 hPa","0.0 mm","Fog"
"237",2022-01-10 22:00:00,"Delhi - 2022",2978.39,9,"8 °C",93,"CALM","0 km/h","0 km/h","989.70 hPa","0.0 mm","Fog"
"238",2022-01-10 23:00:00,"Delhi - 2022",2495.72,8,"7 °C",93,"WSW","6 km/h","0 km/h","989.70 hPa","0.0 mm","Fog"
"239",2022-01-11 01:00:00,"Delhi - 2022",1755.64,8,"7 °C",93,"WSW","7 km/h","0 km/h","989.70 hPa","0.0 mm","Fog"
"240",2022-01-11 02:00:00,"Delhi - 2022",1600.81,8,"7 °C",93,"WSW","6 km/h","0 km/h","989.70 hPa","0.0 mm","Fog"
"241",2022-01-11 03:00:00,"Delhi - 2022",1541.88,8,"7 °C",93,"WSW","6 km/h","0 km/h","990.68 hPa","0.0 mm","Fog"
"242",2022-01-11 04:00:00,"Delhi - 2022",1543.89,8,"7 °C",93,"W","6 km/h","0 km/h","991.65 hPa","0.0 mm","Fog"
"243",2022-01-11 05:00:00,"Delhi - 2022",1694.43,10,"7 °C",82,"W","6 km/h","0 km/h","991.65 hPa","0.0 mm","Fog"
"244",2022-01-11 06:00:00,"Delhi - 2022",2114.36,12,"12 °C",100,"W","11 km/h","0 km/h","991.65 hPa","0.0 mm","Fog"
"245",2022-01-11 06:00:00,"Delhi - 2022",2114.36,15,"14 °C",94,"WNW","13 km/h","0 km/h","990.68 hPa","0.0 mm","Fog"
"246",2022-01-11 07:00:00,"Delhi - 2022",2900.64,16,"14 °C",88,"NW","17 km/h","0 km/h","989.70 hPa","0.0 mm","Fog"
"247",2022-01-11 08:00:00,"Delhi - 2022",3841.26,15,"13 °C",88,"WNW","15 km/h","0 km/h","988.73 hPa","0.0 mm","Fog"
"248",2022-01-11 09:00:00,"Delhi - 2022",4178.7,15,"13 °C",88,"WNW","15 km/h","0 km/h","987.76 hPa","0.0 mm","Fog"
"249",2022-01-11 11:00:00,"Delhi - 2022",4487.78,14,"14 °C",100,"W","15 km/h","0 km/h","987.76 hPa","0.0 mm","Fog"
"250",2022-01-11 12:00:00,"Delhi - 2022",4232.26,12,"12 °C",100,"W","17 km/h","0 km/h","987.76 hPa","0.0 mm","Fog"
"251",2022-01-11 13:00:00,"Delhi - 2022",3813.14,12,"11 °C",94,"W","17 km/h","0 km/h","988.73 hPa","0.0 mm","Fog"
"252",2022-01-11 14:00:00,"Delhi - 2022",3515.73,11,"11 °C",100,"W","17 km/h","0 km/h","988.73 hPa","0.0 mm","Fog"
"253",2022-01-11 15:00:00,"Delhi - 2022",3381.19,11,"11 °C",100,"W","13 km/h","0 km/h","988.73 hPa","0.0 mm","Fog"
"254",2022-01-11 16:00:00,"Delhi - 2022",3356.9,11,"11 °C",100,"W","11 km/h","0 km/h","988.73 hPa","0.0 mm","Fog"
"255",2022-01-11 17:00:00,"Delhi - 2022",3443.28,10,"10 °C",100,"WSW","11 km/h","0 km/h","988.73 hPa","0.0 mm","Fog"
"256",2022-01-11 18:00:00,"Delhi - 2022",3724.22,10,"9 °C",94,"W","9 km/h","0 km/h","988.73 hPa","0.0 mm","Fog"
"257",2022-01-11 19:00:00,"Delhi - 2022",3732.41,9,"9 °C",100,"W","9 km/h","0 km/h","988.73 hPa","0.0 mm","Fog"
"258",2022-01-11 20:00:00,"Delhi - 2022",3541.44,9,"9 °C",100,"WSW","9 km/h","0 km/h","987.76 hPa","0.0 mm","Fog"
"259",2022-01-11 21:00:00,"Delhi - 2022",3286.16,9,"9 °C",100,"W","9 km/h","0 km/h","987.76 hPa","0.0 mm","Fog"
"260",2022-01-11 22:00:00,"Delhi - 2022",3039.88,8,"8 °C",100,"W","7 km/h","0 km/h","987.76 hPa","0.0 mm","Fog"
"261",2022-01-11 23:00:00,"Delhi - 2022",2533.88,8,"8 °C",100,"W","6 km/h","0 km/h","987.76 hPa","0.0 mm","Fog"
"262",2022-01-12 01:00:00,"Delhi - 2022",1763.99,9,"8 °C",93,"WSW","7 km/h","0 km/h","987.76 hPa","0.0 mm","Fog"
"263",2022-01-12 02:00:00,"Delhi - 2022",1625.4,9,"8 °C",93,"WSW","6 km/h","0 km/h","988.73 hPa","0.0 mm","Fog"
"264",2022-01-12 03:00:00,"Delhi - 2022",1552.54,9,"9 °C",100,"WSW","6 km/h","0 km/h","989.70 hPa","0.0 mm","Fog"
"265",2022-01-12 04:00:00,"Delhi - 2022",1568.11,10,"9 °C",94,"CALM","0 km/h","0 km/h","990.68 hPa","0.0 mm","Fog"
"266",2022-01-12 05:00:00,"Delhi - 2022",1699.66,11,"10 °C",94,"CALM","0 km/h","0 km/h","990.68 hPa","0.0 mm","Fog"
"267",2022-01-12 06:00:00,"Delhi - 2022",2125.72,13,"12 °C",94,"W","9 km/h","0 km/h","989.70 hPa","0.0 mm","Fog"
"268",2022-01-12 06:00:00,"Delhi - 2022",2125.72,11,"11 °C",100,"W","9 km/h","0 km/h","990.68 hPa","0.0 mm","Fog"
"269",2022-01-12 07:00:00,"Delhi - 2022",2881.57,14,"12 °C",88,"W","9 km/h","0 km/h","988.73 hPa","0.0 mm","Fog"
"270",2022-01-12 08:00:00,"Delhi - 2022",3816.68,15,"12 °C",82,"WSW","7 km/h","0 km/h","988.73 hPa","0.0 mm","Fog"
"271",2022-01-12 09:00:00,"Delhi - 2022",4203.1,16,"10 °C",68,"W","9 km/h","0 km/h","987.76 hPa","0.0 mm","Smoke"
"272",2022-01-12 10:00:00,"Delhi - 2022",4614.23,16,"9 °C",63,"W","9 km/h","0 km/h","987.76 hPa","0.0 mm","Smoke"
"273",2022-01-12 11:00:00,"Delhi - 2022",4649.33,14,"9 °C",72,"W","11 km/h","0 km/h","987.76 hPa","0.0 mm","Smoke"
"274",2022-01-12 12:00:00,"Delhi - 2022",4381.55,14,"11 °C",82,"W","9 km/h","0 km/h","988.73 hPa","0.0 mm","Fog"
"275",2022-01-12 13:00:00,"Delhi - 2022",3947.16,13,"11 °C",88,"W","6 km/h","0 km/h","988.73 hPa","0.0 mm","Fog"
"276",2022-01-12 14:00:00,"Delhi - 2022",3644.53,12,"10 °C",88,"CALM","0 km/h","0 km/h","989.70 hPa","0.0 mm","Fog"
"277",2022-01-12 15:00:00,"Delhi - 2022",3473.85,12,"10 °C",88,"CALM","0 km/h","0 km/h","989.70 hPa","0.0 mm","Fog"
"278",2022-01-12 16:00:00,"Delhi - 2022",3387.53,11,"10 °C",94,"CALM","0 km/h","0 km/h","989.70 hPa","0.0 mm","Fog"
"279",2022-01-12 17:00:00,"Delhi - 2022",3477.59,10,"9 °C",94,"CALM","0 km/h","0 km/h","989.70 hPa","0.0 mm","Fog"
"280",2022-01-12 18:00:00,"Delhi - 2022",3670.14,10,"9 °C",94,"CALM","0 km/h","0 km/h","989.70 hPa","0.0 mm","Fog"
"281",2022-01-12 19:00:00,"Delhi - 2022",3746.98,10,"9 °C",94,"CALM","0 km/h","0 km/h","988.73 hPa","0.0 mm","Fog"
"282",2022-01-12 20:00:00,"Delhi - 2022",3507.42,9,"8 °C",93,"CALM","0 km/h","0 km/h","988.73 hPa","0.0 mm","Fog"
"283",2022-01-12 21:00:00,"Delhi - 2022",3280.29,9,"8 °C",93,"CALM","0 km/h","0 km/h","988.73 hPa","0.0 mm","Fog"
"284",2022-01-12 22:00:00,"Delhi - 2022",3063.15,9,"8 °C",93,"CALM","0 km/h","0 km/h","988.73 hPa","0.0 mm","Fog"
"285",2022-01-12 23:00:00,"Delhi - 2022",2575.01,9,"8 °C",93,"CALM","0 km/h","0 km/h","988.73 hPa","0.0 mm","Fog"
"286",2022-01-13 01:00:00,"Delhi - 2022",1793.15,8,"8 °C",100,"CALM","0 km/h","0 km/h","988.73 hPa","0.0 mm","Fog"
"287",2022-01-13 02:00:00,"Delhi - 2022",1657.08,8,"8 °C",100,"CALM","0 km/h","0 km/h","989.70 hPa","0.0 mm","Fog"
"288",2022-01-13 03:00:00,"Delhi - 2022",1581.28,8,"8 °C",100,"CALM","0 km/h","0 km/h","989.70 hPa","0.0 mm","Fog"
"289",2022-01-13 04:00:00,"Delhi - 2022",1580.14,8,"8 °C",100,"CALM","0 km/h","0 km/h","990.68 hPa","0.0 mm","Fog"
"290",2022-01-13 05:00:00,"Delhi - 2022",1713.53,10,"9 °C",94,"CALM","0 km/h","0 km/h","990.68 hPa","0.0 mm","Fog"
"291",2022-01-13 06:00:00,"Delhi - 2022",2130.85,13,"11 °C",88,"W","7 km/h","0 km/h","990.68 hPa","0.0 mm","Fog"
"292",2022-01-13 06:00:00,"Delhi - 2022",2130.85,12,"10 °C",88,"WNW","7 km/h","0 km/h","990.68 hPa","0.0 mm","Fog"
"293",2022-01-13 07:00:00,"Delhi - 2022",2895.13,14,"11 °C",82,"WNW","6 km/h","0 km/h","989.70 hPa","0.0 mm","Fog"
"294",2022-01-13 08:00:00,"Delhi - 2022",3752.63,16,"13 °C",82,"W","6 km/h","0 km/h","988.73 hPa","0.0 mm","Fog"
"295",2022-01-13 10:00:00,"Delhi - 2022",4527.87,16,"13 °C",82,"W","6 km/h","0 km/h","987.76 hPa","0.0 mm","Fog"
"296",2022-01-13 11:00:00,"Delhi - 2022",4580.77,16,"13 °C",82,"W","6 km/h","0 km/h","987.76 hPa","0.0 mm","Fog"
"297",2022-01-13 12:00:00,"Delhi - 2022",4379.63,15,"14 °C",94,"NE","6 km/h","0 km/h","987.76 hPa","0.0 mm","Fog"
"298",2022-01-13 13:00:00,"Delhi - 2022",4072.27,14,"13 °C",94,"ENE","6 km/h","0 km/h","988.73 hPa","0.0 mm","Fog"
"299",2022-01-13 14:00:00,"Delhi - 2022",3785.99,13,"13 °C",100,"N","6 km/h","0 km/h","988.73 hPa","0.0 mm","Fog"
"300",2022-01-13 15:00:00,"Delhi - 2022",3589.13,12,"12 °C",100,"CALM","0 km/h","0 km/h","989.70 hPa","0.0 mm","Fog"
"301",2022-01-13 16:00:00,"Delhi - 2022",3471.56,11,"11 °C",100,"ENE","6 km/h","0 km/h","989.70 hPa","0.0 mm","Fog"
"302",2022-01-13 17:00:00,"Delhi - 2022",3560.27,11,"11 °C",100,"CALM","0 km/h","0 km/h","989.70 hPa","0.0 mm","Fog"
"303",2022-01-14 06:00:00,"Delhi - 2022",2301.74,12,"11 °C",94,"E","7 km/h","0 km/h","991.65 hPa","0.0 mm","Fog"
"304",2022-01-14 06:00:00,"Delhi - 2022",2301.74,13,"12 °C",94,"S","4 km/h","0 km/h","991.65 hPa","0.0 mm","Fog"
"305",2022-01-14 07:00:00,"Delhi - 2022",3166.21,15,"13 °C",88,"W","7 km/h","0 km/h","990.68 hPa","0.0 mm","Fog"
"306",2022-01-14 08:00:00,"Delhi - 2022",4131.45,14,"14 °C",100,"W","9 km/h","0 km/h","989.70 hPa","0.0 mm","Fog"
"307",2022-01-14 09:00:00,"Delhi - 2022",4577.21,14,"14 °C",100,"W","13 km/h","0 km/h","989.70 hPa","0.0 mm","Fog"
"308",2022-01-14 10:00:00,"Delhi - 2022",5012.5,13,"12 °C",94,"WNW","11 km/h","0 km/h","988.73 hPa","0.0 mm","Fog"
"309",2022-01-14 11:00:00,"Delhi - 2022",5056.37,13,"12 °C",94,"NW","11 km/h","0 km/h","988.73 hPa","0.0 mm","Fog"
"310",2022-01-14 12:00:00,"Delhi - 2022",4766.92,11,"10 °C",94,"NW","7 km/h","0 km/h","989.70 hPa","0.0 mm","Fog"
"311",2022-01-14 13:00:00,"Delhi - 2022",4442.72,11,"10 °C",94,"CALM","0 km/h","0 km/h","989.70 hPa","0.0 mm","Fog"
"312",2022-01-14 14:00:00,"Delhi - 2022",3993.83,10,"9 °C",94,"CALM","0 km/h","0 km/h","989.70 hPa","0.0 mm","Fog"
"313",2022-01-14 15:00:00,"Delhi - 2022",3782.42,10,"9 °C",94,"CALM","0 km/h","0 km/h","989.70 hPa","0.0 mm","Fog"
"314",2022-01-14 16:00:00,"Delhi - 2022",3614.97,10,"9 °C",94,"CALM","0 km/h","0 km/h","990.68 hPa","0.0 mm","Fog"
"315",2022-01-14 17:00:00,"Delhi - 2022",3615.39,10,"9 °C",94,"CALM","0 km/h","0 km/h","990.68 hPa","0.0 mm","Fog"
"316",2022-01-14 18:00:00,"Delhi - 2022",3854.8,10,"9 °C",94,"CALM","0 km/h","0 km/h","990.68 hPa","0.0 mm","Fog"
"317",2022-01-14 19:00:00,"Delhi - 2022",3822.33,9,"8 °C",93,"CALM","0 km/h","0 km/h","989.70 hPa","0.0 mm","Fog"
"318",2022-01-14 20:00:00,"Delhi - 2022",3647.86,9,"8 °C",93,"NW","9 km/h","0 km/h","989.70 hPa","0.0 mm","Fog"
"319",2022-01-14 21:00:00,"Delhi - 2022",3392.45,9,"8 °C",93,"NNW","7 km/h","0 km/h","989.70 hPa","0.0 mm","Fog"
"320",2022-01-14 22:00:00,"Delhi - 2022",3141.87,9,"8 °C",93,"WNW","9 km/h","0 km/h","989.70 hPa","0.0 mm","Fog"
"321",2022-01-14 23:00:00,"Delhi - 2022",2632.14,9,"8 °C",93,"W","7 km/h","0 km/h","989.70 hPa","0.0 mm","Fog"
"322",2022-01-15 01:00:00,"Delhi - 2022",1844.2,9,"8 °C",93,"W","9 km/h","0 km/h","990.68 hPa","0.0 mm","Fog"
"323",2022-01-15 02:00:00,"Delhi - 2022",1696.33,9,"8 °C",93,"WSW","7 km/h","0 km/h","990.68 hPa","0.0 mm","Fog"
"324",2022-01-15 03:00:00,"Delhi - 2022",1607.01,9,"8 °C",93,"W","7 km/h","0 km/h","992.62 hPa","0.0 mm","Fog"
"325",2022-01-15 04:00:00,"Delhi - 2022",1589.5,9,"8 °C",93,"W","7 km/h","0 km/h","992.62 hPa","0.0 mm","Fog"
"326",2022-01-15 07:00:00,"Delhi - 2022",2605.95,10,"10 °C",100,"CALM","0 km/h","0 km/h","992.62 hPa","0.0 mm","Fog"
"327",2022-01-15 08:00:00,"Delhi - 2022",3299.27,11,"11 °C",100,"CALM","0 km/h","0 km/h","990.68 hPa","0.0 mm","Fog"
"328",2022-01-15 09:00:00,"Delhi - 2022",3666.37,13,"12 °C",94,"W","9 km/h","0 km/h","990.68 hPa","0.0 mm","Fog"
"329",2022-01-15 10:00:00,"Delhi - 2022",3939.54,12,"12 °C",100,"W","9 km/h","0 km/h","990.68 hPa","0.0 mm","Fog"
"330",2022-01-15 11:00:00,"Delhi - 2022",4058.77,11,"11 °C",100,"W","13 km/h","0 km/h","990.68 hPa","0.0 mm","Fog"
"331",2022-01-15 12:00:00,"Delhi - 2022",3934.95,11,"10 °C",94,"WNW","11 km/h","0 km/h","991.65 hPa","0.0 mm","Fog"
"332",2022-01-15 13:00:00,"Delhi - 2022",3693.87,10,"10 °C",100,"WNW","13 km/h","0 km/h","992.62 hPa","0.0 mm","Fog"
"333",2022-01-15 14:00:00,"Delhi - 2022",3329.69,10,"10 °C",100,"W","9 km/h","0 km/h","992.62 hPa","0.0 mm","Fog"
"334",2022-01-15 15:00:00,"Delhi - 2022",3075.84,10,"10 °C",100,"WNW","9 km/h","0 km/h","992.62 hPa","0.0 mm","Fog"
"335",2022-01-15 16:00:00,"Delhi - 2022",2920.14,10,"10 °C",100,"WNW","9 km/h","0 km/h","992.62 hPa","0.0 mm","Fog"
"336",2022-01-15 17:00:00,"Delhi - 2022",2971.76,10,"10 °C",100,"NW","6 km/h","0 km/h","991.65 hPa","0.0 mm","Fog"
"337",2022-01-15 18:00:00,"Delhi - 2022",3260.5,10,"9 °C",94,"CALM","0 km/h","0 km/h","991.65 hPa","0.0 mm","Fog"
"338",2022-01-15 19:00:00,"Delhi - 2022",3317.35,9,"9 °C",100,"WSW","7 km/h","0 km/h","991.65 hPa","0.0 mm","Fog"
"339",2022-01-15 20:00:00,"Delhi - 2022",3220.02,9,"8 °C",93,"W","11 km/h","0 km/h","991.65 hPa","0.0 mm","Fog"
"340",2022-01-15 21:00:00,"Delhi - 2022",3130.33,9,"8 °C",93,"WNW","11 km/h","0 km/h","990.68 hPa","0.0 mm","Fog"
"341",2022-01-15 22:00:00,"Delhi - 2022",2920.59,8,"8 °C",100,"NNW","7 km/h","0 km/h","990.68 hPa","0.0 mm","Fog"
"342",2022-01-15 23:00:00,"Delhi - 2022",2440.78,8,"8 °C",100,"WNW","9 km/h","0 km/h","990.68 hPa","0.0 mm","Fog"
"343",2022-01-16 01:00:00,"Delhi - 2022",1687.11,8,"8 °C",100,"WNW","9 km/h","0 km/h","990.68 hPa","0.0 mm","Fog"
"344",2022-01-16 02:00:00,"Delhi - 2022",1538.44,8,"8 °C",100,"WNW","9 km/h","0 km/h","991.65 hPa","0.0 mm","Fog"
"345",2022-01-16 03:00:00,"Delhi - 2022",1450.87,8,"8 °C",100,"WNW","9 km/h","0 km/h","992.62 hPa","0.0 mm","Fog"
"346",2022-01-16 04:00:00,"Delhi - 2022",1468.06,8,"8 °C",100,"WNW","7 km/h","0 km/h","993.59 hPa","0.0 mm","Fog"
"347",2022-01-16 05:00:00,"Delhi - 2022",1571.53,9,"8 °C",93,"W","7 km/h","0 km/h","993.59 hPa","0.0 mm","Fog"
"348",2022-01-16 06:00:00,"Delhi - 2022",1857.34,12,"8 °C",77,"W","7 km/h","0 km/h","993.59 hPa","0.0 mm","Fog"
"349",2022-01-16 06:00:00,"Delhi - 2022",1857.34,10,"8 °C",87,"WSW","7 km/h","0 km/h","993.59 hPa","0.0 mm","Fog"
"350",2022-01-16 07:00:00,"Delhi - 2022",2336.02,13,"9 °C",77,"WSW","7 km/h","0 km/h","992.62 hPa","0.0 mm","Haze"
"351",2022-01-16 08:00:00,"Delhi - 2022",3042.83,14,"8 °C",67,"W","6 km/h","0 km/h","991.65 hPa","0.0 mm","Haze"
"352",2022-01-16 09:00:00,"Delhi - 2022",3506.22,15,"9 °C",67,"W","6 km/h","0 km/h","990.68 hPa","0.0 mm","Haze"
"353",2022-01-16 10:00:00,"Delhi - 2022",3985.84,15,"9 °C",67,"W","7 km/h","0 km/h","990.68 hPa","0.0 mm","Haze"
"354",2022-01-16 11:00:00,"Delhi - 2022",4139.09,14,"9 °C",72,"W","7 km/h","0 km/h","990.68 hPa","0.0 mm","Haze"
"355",2022-01-16 12:00:00,"Delhi - 2022",4039.12,13,"9 °C",77,"CALM","0 km/h","0 km/h","991.65 hPa","0.0 mm","Fog"
"356",2022-01-16 13:00:00,"Delhi - 2022",3760.77,12,"10 °C",88,"CALM","0 km/h","0 km/h","991.65 hPa","0.0 mm","Fog"
"357",2022-01-16 14:00:00,"Delhi - 2022",3390.73,11,"10 °C",94,"CALM","0 km/h","0 km/h","992.62 hPa","0.0 mm","Fog"
"358",2022-01-16 15:00:00,"Delhi - 2022",2969.99,11,"10 °C",94,"CALM","0 km/h","0 km/h","993.59 hPa","0.0 mm","Fog"
"359",2022-01-16 16:00:00,"Delhi - 2022",2768.08,11,"10 °C",94,"NE","7 km/h","0 km/h","993.59 hPa","0.0 mm","Fog"
"360",2022-01-16 17:00:00,"Delhi - 2022",2845.3,11,"10 °C",94,"E","7 km/h","0 km/h","993.59 hPa","0.0 mm","Fog"
"361",2022-01-16 18:00:00,"Delhi - 2022",3161.97,10,"9 °C",94,"CALM","0 km/h","0 km/h","992.62 hPa","0.0 mm","Fog"
"362",2022-01-16 19:00:00,"Delhi - 2022",3291.76,10,"9 °C",94,"CALM","0 km/h","0 km/h","992.62 hPa","0.0 mm","Fog"
"363",2022-01-16 20:00:00,"Delhi - 2022",3223.82,10,"9 °C",94,"CALM","0 km/h","0 km/h","992.62 hPa","0.0 mm","Fog"
"364",2022-01-16 21:00:00,"Delhi - 2022",3121.01,10,"9 °C",94,"CALM","0 km/h","0 km/h","991.65 hPa","0.0 mm","Fog"
"365",2022-01-16 22:00:00,"Delhi - 2022",2961.42,10,"9 °C",94,"CALM","0 km/h","0 km/h","991.65 hPa","0.0 mm","Fog"
"366",2022-01-16 23:00:00,"Delhi - 2022",2436.67,9,"9 °C",100,"CALM","0 km/h","0 km/h","991.65 hPa","0.0 mm","Fog"
"367",2022-01-17 01:00:00,"Delhi - 2022",1698.23,9,"8 °C",93,"CALM","0 km/h","0 km/h","991.65 hPa","0.0 mm","Fog"
"368",2022-01-17 02:00:00,"Delhi - 2022",1534.86,9,"8 °C",93,"SE","6 km/h","0 km/h","991.65 hPa","0.0 mm","Fog"
"369",2022-01-17 03:00:00,"Delhi - 2022",1465.54,9,"8 °C",93,"SSE","7 km/h","0 km/h","992.62 hPa","0.0 mm","Fog"
"370",2022-01-17 04:00:00,"Delhi - 2022",1489.58,10,"9 °C",94,"SSE","6 km/h","0 km/h","993.59 hPa","0.0 mm","Fog"
"371",2022-01-17 05:00:00,"Delhi - 2022",1636.25,10,"9 °C",94,"SSE","6 km/h","0 km/h","994.56 hPa","0.0 mm","Fog"
"372",2022-01-17 06:00:00,"Delhi - 2022",2081.16,10,"10 °C",100,"CALM","0 km/h","0 km/h","994.56 hPa","0.0 mm","Fog"
"373",2022-01-17 06:00:00,"Delhi - 2022",2081.16,11,"11 °C",100,"CALM","0 km/h","0 km/h","993.59 hPa","0.0 mm","Fog"
"374",2022-01-17 07:00:00,"Delhi - 2022",2892.64,12,"11 °C",94,"CALM","0 km/h","0 km/h","993.59 hPa","0.0 mm","Fog"
"375",2022-01-17 08:00:00,"Delhi - 2022",3855.32,13,"11 °C",88,"CALM","0 km/h","0 km/h","991.65 hPa","0.0 mm","Fog"
"376",2022-01-17 09:00:00,"Delhi - 2022",4415.88,15,"9 °C",67,"CALM","0 km/h","0 km/h","991.65 hPa","0.0 mm","Smoke"
"377",2022-01-17 10:00:00,"Delhi - 2022",4796.53,16,"10 °C",68,"CALM","0 km/h","0 km/h","990.68 hPa","0.0 mm","Smoke"
"378",2022-01-17 11:00:00,"Delhi - 2022",4696.13,15,"9 °C",67,"CALM","0 km/h","0 km/h","991.65 hPa","0.0 mm","Smoke"
"379",2022-01-17 12:00:00,"Delhi - 2022",4678.97,13,"11 °C",88,"W","7 km/h","0 km/h","991.65 hPa","0.0 mm","Fog"
"380",2022-01-17 13:00:00,"Delhi - 2022",4273.73,12,"11 °C",94,"WSW","6 km/h","0 km/h","992.62 hPa","0.0 mm","Fog"
"381",2022-01-17 14:00:00,"Delhi - 2022",4036.76,11,"11 °C",100,"CALM","0 km/h","0 km/h","993.59 hPa","0.0 mm","Fog"
"382",2022-01-17 15:00:00,"Delhi - 2022",3868.85,11,"11 °C",100,"SSW","6 km/h","0 km/h","993.59 hPa","0.0 mm","Fog"
"383",2022-01-17 17:00:00,"Delhi - 2022",3676.6,9,"9 °C",100,"CALM","0 km/h","0 km/h","993.59 hPa","0.0 mm","Fog"
"384",2022-01-17 18:00:00,"Delhi - 2022",3939.45,9,"9 °C",100,"CALM","0 km/h","0 km/h","993.59 hPa","0.0 mm","Fog"
"385",2022-01-17 19:00:00,"Delhi - 2022",3963.99,10,"10 °C",100,"CALM","0 km/h","0 km/h","992.62 hPa","0.0 mm","Fog"
"386",2022-01-17 20:00:00,"Delhi - 2022",3801.63,10,"10 °C",100,"NW","7 km/h","0 km/h","991.65 hPa","0.0 mm","Fog"
"387",2022-01-17 21:00:00,"Delhi - 2022",3552.71,10,"10 °C",100,"NW","6 km/h","0 km/h","991.65 hPa","0.0 mm","Fog"
"388",2022-01-17 22:00:00,"Delhi - 2022",3284.48,10,"10 °C",100,"NW","7 km/h","0 km/h","991.65 hPa","0.0 mm","Fog"
"389",2022-01-17 23:00:00,"Delhi - 2022",2775.93,10,"10 °C",100,"WNW","7 km/h","0 km/h","990.68 hPa","0.0 mm","Fog"
"390",2022-01-18 01:00:00,"Delhi - 2022",1869.1,10,"9 °C",94,"W","6 km/h","0 km/h","990.68 hPa","0.0 mm","Fog"
"391",2022-01-18 02:00:00,"Delhi - 2022",1726.05,9,"9 °C",100,"WNW","7 km/h","0 km/h","990.68 hPa","0.0 mm","Fog"
"392",2022-01-18 03:00:00,"Delhi - 2022",1643.84,9,"9 °C",100,"WSW","15 km/h","0 km/h","991.65 hPa","0.0 mm","Fog"
"393",2022-01-18 04:00:00,"Delhi - 2022",1639.12,9,"9 °C",100,"W","13 km/h","0 km/h","991.65 hPa","0.0 mm","Fog"
"394",2022-01-18 05:00:00,"Delhi - 2022",1776.3,9,"9 °C",100,"WSW","13 km/h","0 km/h","992.62 hPa","0.0 mm","Fog"
"395",2022-01-18 06:00:00,"Delhi - 2022",2183.65,11,"10 °C",94,"W","9 km/h","0 km/h","992.62 hPa","0.0 mm","Fog"
"396",2022-01-18 06:00:00,"Delhi - 2022",2183.65,12,"10 °C",88,"NW","9 km/h","0 km/h","991.65 hPa","0.0 mm","Fog"
"397",2022-01-18 07:00:00,"Delhi - 2022",3007.83,13,"11 °C",88,"WNW","9 km/h","0 km/h","990.68 hPa","0.0 mm","Fog"
"398",2022-01-18 08:00:00,"Delhi - 2022",4018.05,13,"11 °C",88,"WNW","11 km/h","0 km/h","989.70 hPa","0.0 mm","Fog"
"399",2022-01-18 09:00:00,"Delhi - 2022",4450.91,14,"11 °C",82,"W","13 km/h","0 km/h","988.73 hPa","0.0 mm","Fog"
"400",2022-01-18 10:00:00,"Delhi - 2022",4840.78,13,"10 °C",82,"W","13 km/h","0 km/h","988.73 hPa","0.0 mm","Fog"
"401",2022-01-18 11:00:00,"Delhi - 2022",4893.31,13,"10 °C",82,"W","11 km/h","0 km/h","988.73 hPa","0.0 mm","Fog"
"402",2022-01-18 12:00:00,"Delhi - 2022",4666.5,12,"10 °C",88,"W","9 km/h","0 km/h","988.73 hPa","0.0 mm","Fog"
"403",2022-01-18 13:00:00,"Delhi - 2022",4249.84,11,"10 °C",94,"W","7 km/h","0 km/h","988.73 hPa","0.0 mm","Fog"
"404",2022-01-18 14:00:00,"Delhi - 2022",3876.15,10,"9 °C",94,"W","7 km/h","0 km/h","989.70 hPa","0.0 mm","Fog"
"405",2022-01-18 15:00:00,"Delhi - 2022",3745.52,9,"8 °C",93,"W","11 km/h","0 km/h","989.70 hPa","0.0 mm","Fog"
"406",2022-01-18 16:00:00,"Delhi - 2022",3635.83,9,"8 °C",93,"WSW","6 km/h","0 km/h","990.68 hPa","0.0 mm","Fog"
"407",2022-01-18 17:00:00,"Delhi - 2022",3634.74,9,"8 °C",93,"CALM","0 km/h","0 km/h","989.70 hPa","0.0 mm","Fog"
"408",2022-01-18 18:00:00,"Delhi - 2022",4024.79,9,"8 °C",93,"WSW","6 km/h","0 km/h","989.70 hPa","0.0 mm","Fog"
"409",2022-01-18 19:00:00,"Delhi - 2022",4041.56,8,"7 °C",93,"CALM","0 km/h","0 km/h","989.70 hPa","0.0 mm","Fog"
"410",2022-01-18 20:00:00,"Delhi - 2022",3834.46,8,"7 °C",93,"CALM","0 km/h","0 km/h","989.70 hPa","0.0 mm","Fog"
"411",2022-01-18 21:00:00,"Delhi - 2022",3583.91,8,"7 °C",93,"W","7 km/h","0 km/h","989.70 hPa","0.0 mm","Fog"
"412",2022-01-18 22:00:00,"Delhi - 2022",3314.87,9,"8 °C",93,"NW","9 km/h","0 km/h","988.73 hPa","0.0 mm","Fog"
"413",2022-01-18 23:00:00,"Delhi - 2022",2768.94,10,"9 °C",94,"WNW","13 km/h","0 km/h","988.73 hPa","0.0 mm","Fog"
"414",2022-01-19 01:00:00,"Delhi - 2022",1887.3,10,"9 °C",94,"WNW","11 km/h","0 km/h","988.73 hPa","0.0 mm","Fog"
"415",2022-01-19 02:00:00,"Delhi - 2022",1732.06,10,"9 °C",94,"WNW","9 km/h","0 km/h","988.73 hPa","0.0 mm","Fog"
"416",2022-01-19 03:00:00,"Delhi - 2022",1618.99,10,"9 °C",94,"WNW","9 km/h","0 km/h","989.70 hPa","0.0 mm","Fog"
"417",2022-01-19 04:00:00,"Delhi - 2022",1634.49,10,"9 °C",94,"NW","7 km/h","0 km/h","989.70 hPa","0.0 mm","Fog"
"418",2022-01-19 05:00:00,"Delhi - 2022",1777.49,11,"9 °C",88,"CALM","0 km/h","0 km/h","989.70 hPa","0.0 mm","Fog"
"419",2022-01-19 06:00:00,"Delhi - 2022",2221.59,14,"10 °C",77,"W","6 km/h","0 km/h","988.73 hPa","0.0 mm","Fog"
"420",2022-01-19 06:00:00,"Delhi - 2022",2221.59,12,"10 °C",88,"WNW","6 km/h","0 km/h","989.70 hPa","0.0 mm","Fog"
"421",2022-01-19 07:00:00,"Delhi - 2022",3049.17,15,"10 °C",72,"W","6 km/h","0 km/h","987.76 hPa","0.0 mm","Smoke"
"422",2022-01-19 08:00:00,"Delhi - 2022",4034.47,15,"14 °C",94,"WNW","11 km/h","0 km/h","986.79 hPa","0.0 mm","Fog"
"423",2022-01-19 09:00:00,"Delhi - 2022",4519.92,15,"14 °C",94,"WNW","9 km/h","0 km/h","985.81 hPa","0.0 mm","Fog"
"424",2022-01-19 10:00:00,"Delhi - 2022",4928.15,16,"14 °C",88,"WSW","6 km/h","0 km/h","985.81 hPa","0.0 mm","Fog"
"425",2022-01-19 11:00:00,"Delhi - 2022",5004.63,15,"14 °C",94,"WNW","9 km/h","0 km/h","985.81 hPa","0.0 mm","Fog"
"426",2022-01-19 12:00:00,"Delhi - 2022",4797.24,15,"14 °C",94,"WNW","6 km/h","0 km/h","984.84 hPa","0.0 mm","Fog"
"427",2022-01-19 13:00:00,"Delhi - 2022",4346.85,14,"13 °C",94,"CALM","0 km/h","0 km/h","985.81 hPa","0.0 mm","Fog"
"428",2022-01-19 14:00:00,"Delhi - 2022",3962.68,13,"13 °C",100,"NE","6 km/h","0 km/h","985.81 hPa","0.0 mm","Fog"
"429",2022-01-19 15:00:00,"Delhi - 2022",3850.33,12,"12 °C",100,"ENE","7 km/h","0 km/h","985.81 hPa","0.0 mm","Fog"
"430",2022-01-19 16:00:00,"Delhi - 2022",3659.42,12,"12 °C",100,"CALM","0 km/h","0 km/h","985.81 hPa","0.0 mm","Fog"
"431",2022-01-19 17:00:00,"Delhi - 2022",3679.95,12,"12 °C",100,"CALM","0 km/h","0 km/h","985.81 hPa","0.0 mm","Fog"
"432",2022-01-19 18:00:00,"Delhi - 2022",3891.97,11,"11 °C",100,"CALM","0 km/h","0 km/h","985.81 hPa","0.0 mm","Fog"
"433",2022-01-19 19:00:00,"Delhi - 2022",3927.58,11,"11 °C",100,"ESE","7 km/h","0 km/h","984.84 hPa","0.0 mm","Light Rain"
"434",2022-01-19 20:00:00,"Delhi - 2022",3748.61,11,"11 °C",100,"CALM","0 km/h","0 km/h","983.87 hPa","0.0 mm","Fog"
"435",2022-01-19 21:00:00,"Delhi - 2022",3486.34,11,"11 °C",100,"CALM","0 km/h","0 km/h","983.87 hPa","0.0 mm","Fog"
"436",2022-01-19 22:00:00,"Delhi - 2022",3278.17,11,"11 °C",100,"SSE","6 km/h","0 km/h","983.87 hPa","0.0 mm","Fog"
"437",2022-01-19 23:00:00,"Delhi - 2022",2765.71,11,"11 °C",100,"SSE","9 km/h","0 km/h","982.90 hPa","0.0 mm","Fog"
"438",2022-01-20 01:00:00,"Delhi - 2022",1868.18,11,"10 °C",94,"SE","7 km/h","0 km/h","982.90 hPa","0.0 mm","Fog"
"439",2022-01-20 02:00:00,"Delhi - 2022",1707.96,10,"10 °C",100,"E","7 km/h","0 km/h","983.87 hPa","0.0 mm","Fog"
"440",2022-01-20 03:00:00,"Delhi - 2022",1620.76,10,"10 °C",100,"SE","7 km/h","0 km/h","984.84 hPa","0.0 mm","Fog"
"441",2022-01-20 04:00:00,"Delhi - 2022",1626.07,10,"10 °C",100,"SSE","7 km/h","0 km/h","984.84 hPa","0.0 mm","Fog"
"442",2022-01-20 05:00:00,"Delhi - 2022",1771.62,11,"10 °C",94,"SE","11 km/h","0 km/h","984.84 hPa","0.0 mm","Fog"
"443",2022-01-20 06:00:00,"Delhi - 2022",2177.23,12,"12 °C",100,"ESE","7 km/h","0 km/h","985.81 hPa","0.0 mm","Fog"
"444",2022-01-20 06:00:00,"Delhi - 2022",2177.23,14,"14 °C",100,"CALM","0 km/h","0 km/h","984.84 hPa","0.0 mm","Fog"
"445",2022-01-20 07:00:00,"Delhi - 2022",2959.94,16,"15 °C",94,"S","6 km/h","0 km/h","983.87 hPa","0.0 mm","Fog"
"446",2022-01-20 08:00:00,"Delhi - 2022",3876.9,17,"15 °C",88,"ENE","9 km/h","0 km/h","981.93 hPa","0.0 mm","Fog"
"447",2022-01-20 09:00:00,"Delhi - 2022",4355.41,18,"13 °C",73,"E","11 km/h","0 km/h","981.93 hPa","0.0 mm","Smoke"
"448",2022-01-20 10:00:00,"Delhi - 2022",4795.25,17,"11 °C",68,"ESE","13 km/h","0 km/h","981.93 hPa","0.0 mm","Smoke"
"449",2022-01-20 11:00:00,"Delhi - 2022",4741.9,17,"11 °C",68,"ESE","13 km/h","0 km/h","981.93 hPa","0.0 mm","Smoke"
"450",2022-01-20 12:00:00,"Delhi - 2022",4354.92,15,"12 °C",82,"ESE","11 km/h","0 km/h","981.93 hPa","0.0 mm","Fog"
"451",2022-01-20 13:00:00,"Delhi - 2022",4086.37,13,"12 °C",94,"ESE","9 km/h","0 km/h","982.90 hPa","0.0 mm","Fog"
"452",2022-01-20 14:00:00,"Delhi - 2022",3781.32,13,"12 °C",94,"ESE","7 km/h","0 km/h","982.90 hPa","0.0 mm","Fog"
"453",2022-01-20 15:00:00,"Delhi - 2022",3720.73,12,"11 °C",94,"CALM","0 km/h","0 km/h","983.87 hPa","0.0 mm","Fog"
"454",2022-01-20 16:00:00,"Delhi - 2022",3620.68,11,"10 °C",94,"CALM","0 km/h","0 km/h","983.87 hPa","0.0 mm","Fog"
"455",2022-01-20 17:00:00,"Delhi - 2022",3592.46,11,"10 °C",94,"CALM","0 km/h","0 km/h","983.87 hPa","0.0 mm","Fog"
"456",2022-01-20 18:00:00,"Delhi - 2022",3847.14,11,"10 °C",94,"CALM","0 km/h","0 km/h","983.87 hPa","0.0 mm","Fog"
"457",2022-01-20 19:00:00,"Delhi - 2022",3874.5,11,"10 °C",94,"CALM","0 km/h","0 km/h","983.87 hPa","0.0 mm","Fog"
"458",2022-01-20 20:00:00,"Delhi - 2022",3712.46,10,"10 °C",100,"CALM","0 km/h","0 km/h","982.90 hPa","0.0 mm","Fog"
"459",2022-01-20 21:00:00,"Delhi - 2022",3436.77,10,"10 °C",100,"CALM","0 km/h","0 km/h","982.90 hPa","0.0 mm","Fog"
"460",2022-01-20 22:00:00,"Delhi - 2022",3232.4,10,"10 °C",100,"CALM","0 km/h","0 km/h","982.90 hPa","0.0 mm","Fog"
"461",2022-01-20 23:00:00,"Delhi - 2022",2720.17,10,"10 °C",100,"CALM","0 km/h","0 km/h","982.90 hPa","0.0 mm","Fog"
"462",2022-01-21 01:00:00,"Delhi - 2022",1884.65,10,"10 °C",100,"CALM","0 km/h","0 km/h","982.90 hPa","0.0 mm","Fog"
"463",2022-01-21 02:00:00,"Delhi - 2022",1725.45,11,"11 °C",100,"SE","6 km/h","0 km/h","983.87 hPa","0.0 mm","Fog"
"464",2022-01-21 03:00:00,"Delhi - 2022",1651.87,11,"11 °C",100,"CALM","0 km/h","0 km/h","984.84 hPa","0.0 mm","Fog"
"465",2022-01-21 04:00:00,"Delhi - 2022",1632.85,11,"11 °C",100,"SSE","6 km/h","0 km/h","985.81 hPa","0.0 mm","Fog"
"466",2022-01-21 05:00:00,"Delhi - 2022",1776.72,12,"11 °C",94,"S","6 km/h","0 km/h","985.81 hPa","0.0 mm","Fog"
"467",2022-01-21 06:00:00,"Delhi - 2022",2249.5,15,"14 °C",94,"W","6 km/h","0 km/h","985.81 hPa","0.0 mm","Fog"
"468",2022-01-21 06:00:00,"Delhi - 2022",2249.5,14,"13 °C",94,"VAR","4 km/h","0 km/h","986.79 hPa","0.0 mm","Fog"
"469",2022-01-21 07:00:00,"Delhi - 2022",3046.27,17,"14 °C",82,"VAR","4 km/h","0 km/h","984.84 hPa","0.0 mm","Fog"
"470",2022-01-21 08:00:00,"Delhi - 2022",4020.68,17,"14 °C",82,"E","7 km/h","0 km/h","983.87 hPa","0.0 mm","Fog"
"471",2022-01-21 09:00:00,"Delhi - 2022",4557.26,18,"13 °C",73,"E","9 km/h","0 km/h","982.90 hPa","0.0 mm","Fog"
"472",2022-01-21 10:00:00,"Delhi - 2022",4978.47,18,"13 °C",73,"SSE","9 km/h","0 km/h","981.93 hPa","0.0 mm","Fog"
"473",2022-01-21 11:00:00,"Delhi - 2022",4968.36,17,"13 °C",77,"SE","9 km/h","0 km/h","981.93 hPa","0.0 mm","Fog"
"474",2022-01-21 12:00:00,"Delhi - 2022",4864.66,16,"13 °C",82,"SSW","7 km/h","0 km/h","981.93 hPa","0.0 mm","Fog"
"475",2022-01-21 13:00:00,"Delhi - 2022",4395.66,15,"14 °C",94,"WSW","6 km/h","0 km/h","982.90 hPa","0.0 mm","Fog"
"476",2022-01-21 14:00:00,"Delhi - 2022",3931.66,14,"13 °C",94,"CALM","0 km/h","0 km/h","982.90 hPa","0.0 mm","Fog"
"477",2022-01-21 15:00:00,"Delhi - 2022",3702.85,14,"13 °C",94,"CALM","0 km/h","0 km/h","982.90 hPa","0.0 mm","Fog"
"478",2022-01-21 16:00:00,"Delhi - 2022",3565.72,13,"13 °C",100,"SE","6 km/h","0 km/h","983.87 hPa","0.0 mm","Fog"
"479",2022-01-21 17:00:00,"Delhi - 2022",3597.05,13,"13 °C",100,"SE","7 km/h","0 km/h","982.90 hPa","0.0 mm","Fog"
"480",2022-01-21 18:00:00,"Delhi - 2022",3820.64,13,"13 °C",100,"E","17 km/h","0 km/h","981.93 hPa","0.0 mm","Fog"
"481",2022-01-21 19:00:00,"Delhi - 2022",3807.5,13,"13 °C",100,"NE","11 km/h","0 km/h","980.95 hPa","0.0 mm","Fog"
"482",2022-01-21 20:00:00,"Delhi - 2022",3612.81,13,"13 °C",100,"E","15 km/h","0 km/h","980.95 hPa","0.0 mm","Light Rain"
"483",2022-01-21 21:00:00,"Delhi - 2022",3364.81,12,"12 °C",100,"E","17 km/h","0 km/h","980.95 hPa","0.0 mm","Fog"
"484",2022-01-21 22:00:00,"Delhi - 2022",3163.29,12,"12 °C",100,"SE","17 km/h","0 km/h","979.98 hPa","0.0 mm","Fog"
"485",2022-01-21 23:00:00,"Delhi - 2022",2710.54,12,"12 °C",100,"ESE","15 km/h","0 km/h","979.01 hPa","0.0 mm","Fog"
"486",2022-01-22 01:00:00,"Delhi - 2022",1865.48,12,"12 °C",100,"SE","13 km/h","0 km/h","979.98 hPa","0.0 mm","Light Rain"
"487",2022-01-22 02:00:00,"Delhi - 2022",1713.2,12,"12 °C",100,"E","20 km/h","0 km/h","979.98 hPa","0.0 mm","Rain"
"488",2022-01-22 03:00:00,"Delhi - 2022",1609.43,11,"11 °C",100,"E","22 km/h","0 km/h","979.98 hPa","0.0 mm","Fog"
"489",2022-01-22 04:00:00,"Delhi - 2022",1610.97,12,"11 °C",94,"SE","11 km/h","0 km/h","979.98 hPa","0.0 mm","Light Rain"
"490",2022-01-22 05:00:00,"Delhi - 2022",1732.15,12,"11 °C",94,"E","11 km/h","0 km/h","980.95 hPa","0.0 mm","Fog"
"491",2022-01-22 06:00:00,"Delhi - 2022",2029.73,12,"12 °C",100,"SE","7 km/h","0 km/h","980.95 hPa","0.0 mm","Fog"
"492",2022-01-22 06:00:00,"Delhi - 2022",2029.73,13,"12 °C",94,"E","6 km/h","0 km/h","980.95 hPa","0.0 mm","Fog"
"493",2022-01-22 07:00:00,"Delhi - 2022",2512.29,13,"12 °C",94,"E","17 km/h","0 km/h","979.01 hPa","0.0 mm","Fog"
"494",2022-01-22 08:00:00,"Delhi - 2022",3146.77,13,"12 °C",94,"E","24 km/h","0 km/h","978.04 hPa","0.0 mm","Fog"
"495",2022-01-22 09:00:00,"Delhi - 2022",3550.99,14,"12 °C",88,"E","15 km/h","33 km/h","977.07 hPa","0.0 mm","Fog"
"496",2022-01-22 10:00:00,"Delhi - 2022",3847.53,15,"12 °C",82,"ESE","15 km/h","33 km/h","977.07 hPa","0.0 mm","Fog"
"497",2022-01-22 11:00:00,"Delhi - 2022",3941.25,15,"12 °C",82,"ESE","15 km/h","33 km/h","977.07 hPa","0.0 mm","Fog"
"498",2022-01-22 12:00:00,"Delhi - 2022",3842.92,15,"12 °C",82,"ESE","15 km/h","33 km/h","977.07 hPa","0.0 mm","Fog"
"499",2022-01-22 13:00:00,"Delhi - 2022",3620.57,14,"12 °C",88,"E","15 km/h","33 km/h","977.07 hPa","0.0 mm","Fog"
"500",2022-01-22 14:00:00,"Delhi - 2022",3370.15,14,"12 °C",88,"E","20 km/h","0 km/h","979.01 hPa","0.0 mm","Rain"
"501",2022-01-22 15:00:00,"Delhi - 2022",3170.08,13,"12 °C",94,"ESE","19 km/h","0 km/h","979.98 hPa","0.0 mm","Rain"
"502",2022-01-22 16:00:00,"Delhi - 2022",2937.92,13,"12 °C",94,"E","15 km/h","33 km/h","979.98 hPa","0.0 mm","Rain"
"503",2022-01-22 17:00:00,"Delhi - 2022",2937.1,13,"12 °C",94,"ENE","9 km/h","0 km/h","980.95 hPa","0.0 mm","Light Rain"
"504",2022-01-22 18:00:00,"Delhi - 2022",3134.33,13,"12 °C",94,"E","15 km/h","0 km/h","979.98 hPa","0.0 mm","Fog"
"505",2022-01-22 19:00:00,"Delhi - 2022",3238.16,12,"11 °C",94,"E","11 km/h","0 km/h","979.98 hPa","0.0 mm","Rain"
"506",2022-01-22 20:00:00,"Delhi - 2022",3137.97,12,"12 °C",100,"E","20 km/h","0 km/h","979.01 hPa","0.0 mm","Fog"
"507",2022-01-22 21:00:00,"Delhi - 2022",3089.33,12,"11 °C",94,"E","19 km/h","0 km/h","979.01 hPa","0.0 mm","Fog"
"508",2022-01-22 22:00:00,"Delhi - 2022",2879.68,11,"10 °C",94,"E","17 km/h","0 km/h","979.01 hPa","0.0 mm","Light Rain"
"509",2022-01-22 23:00:00,"Delhi - 2022",2477.51,11,"10 °C",94,"E","13 km/h","0 km/h","979.01 hPa","0.0 mm","Fog"
"510",2022-01-23 01:00:00,"Delhi - 2022",1723.27,11,"10 °C",94,"ESE","11 km/h","0 km/h","979.98 hPa","0.0 mm","Fog"
"511",2022-01-23 02:00:00,"Delhi - 2022",1553.86,11,"10 °C",94,"SE","7 km/h","0 km/h","979.98 hPa","0.0 mm","Fog"
"512",2022-01-23 03:00:00,"Delhi - 2022",1488.18,11,"10 °C",94,"ESE","7 km/h","0 km/h","980.95 hPa","0.0 mm","Fog"
"513",2022-01-23 04:00:00,"Delhi - 2022",1471.81,11,"10 °C",94,"SE","6 km/h","0 km/h","981.93 hPa","0.0 mm","Fog"
"514",2022-01-23 05:00:00,"Delhi - 2022",1565.76,12,"11 °C",94,"SE","9 km/h","0 km/h","982.90 hPa","0.0 mm","Fog"
"515",2022-01-23 06:00:00,"Delhi - 2022",1847.67,13,"12 °C",94,"WSW","9 km/h","0 km/h","982.90 hPa","0.0 mm","Fog"
"516",2022-01-23 06:00:00,"Delhi - 2022",1847.67,14,"13 °C",94,"WSW","11 km/h","0 km/h","982.90 hPa","0.0 mm","Fog"
"517",2022-01-23 07:00:00,"Delhi - 2022",2314.25,15,"14 °C",94,"W","11 km/h","0 km/h","981.93 hPa","0.0 mm","Fog"
"518",2022-01-23 08:00:00,"Delhi - 2022",2969.65,15,"14 °C",94,"WNW","13 km/h","0 km/h","981.93 hPa","0.0 mm","Fog"
"519",2022-01-23 09:00:00,"Delhi - 2022",3495.43,15,"14 °C",94,"W","13 km/h","0 km/h","980.95 hPa","0.0 mm","Fog"
"520",2022-01-23 10:00:00,"Delhi - 2022",3972.73,14,"14 °C",100,"W","11 km/h","0 km/h","981.93 hPa","0.0 mm","Fog"
"521",2022-01-23 11:00:00,"Delhi - 2022",4140.59,14,"14 °C",100,"WNW","9 km/h","0 km/h","981.93 hPa","0.0 mm","Fog"
"522",2022-01-23 12:00:00,"Delhi - 2022",4097.53,14,"13 °C",94,"NW","7 km/h","0 km/h","982.90 hPa","0.0 mm","Fog"
"523",2022-01-23 13:00:00,"Delhi - 2022",3858.38,13,"13 °C",100,"WNW","7 km/h","0 km/h","982.90 hPa","0.0 mm","Fog"
"524",2022-01-23 14:00:00,"Delhi - 2022",3577.12,13,"13 °C",100,"NW","6 km/h","0 km/h","983.87 hPa","0.0 mm","Fog"
"525",2022-01-23 15:00:00,"Delhi - 2022",3222.09,12,"12 °C",100,"CALM","0 km/h","0 km/h","984.84 hPa","0.0 mm","Fog"
"526",2022-01-23 16:00:00,"Delhi - 2022",2945.35,12,"12 °C",100,"CALM","0 km/h","0 km/h","984.84 hPa","0.0 mm","Fog"
"527",2022-01-23 17:00:00,"Delhi - 2022",2871.57,11,"11 °C",100,"WSW","6 km/h","0 km/h","983.87 hPa","0.0 mm","Fog"
"528",2022-01-23 18:00:00,"Delhi - 2022",3112.25,10,"10 °C",100,"WSW","6 km/h","0 km/h","983.87 hPa","0.0 mm","Fog"
"529",2022-01-23 19:00:00,"Delhi - 2022",3232.57,10,"10 °C",100,"CALM","0 km/h","0 km/h","983.87 hPa","0.0 mm","Fog"
"530",2022-01-23 20:00:00,"Delhi - 2022",3139.65,10,"10 °C",100,"SW","9 km/h","0 km/h","983.87 hPa","0.0 mm","Fog"
"531",2022-01-23 21:00:00,"Delhi - 2022",3060.65,10,"10 °C",100,"CALM","0 km/h","0 km/h","983.87 hPa","0.0 mm","Fog"
"532",2022-01-23 22:00:00,"Delhi - 2022",2882.1,10,"10 °C",100,"CALM","0 km/h","0 km/h","983.87 hPa","0.0 mm","Fog"
"533",2022-01-23 23:00:00,"Delhi - 2022",2455.62,11,"10 °C",94,"CALM","0 km/h","0 km/h","983.87 hPa","0.0 mm","Fog"
"534",2022-01-24 01:00:00,"Delhi - 2022",1705.66,11,"10 °C",94,"CALM","0 km/h","0 km/h","983.87 hPa","0.0 mm","Fog"
"535",2022-01-24 02:00:00,"Delhi - 2022",1557.05,11,"10 °C",94,"CALM","0 km/h","0 km/h","984.84 hPa","0.0 mm","Fog"
"536",2022-01-24 03:00:00,"Delhi - 2022",1495.9,11,"10 °C",94,"WSW","7 km/h","0 km/h","984.84 hPa","0.0 mm","Fog"
"537",2022-01-24 04:00:00,"Delhi - 2022",1506.17,11,"11 °C",100,"W","6 km/h","0 km/h","985.81 hPa","0.0 mm","Fog"
"538",2022-01-24 05:00:00,"Delhi - 2022",1647.19,12,"12 °C",100,"WNW","6 km/h","0 km/h","986.79 hPa","0.0 mm","Fog"
"539",2022-01-24 06:00:00,"Delhi - 2022",2084.41,13,"12 °C",94,"W","6 km/h","0 km/h","987.76 hPa","0.0 mm","Fog"
"540",2022-01-24 06:00:00,"Delhi - 2022",2084.41,13,"13 °C",100,"W","9 km/h","0 km/h","987.76 hPa","0.0 mm","Fog"
"541",2022-01-24 07:00:00,"Delhi - 2022",2862.07,13,"13 °C",100,"NW","6 km/h","0 km/h","986.79 hPa","0.0 mm","Fog"
"542",2022-01-24 08:00:00,"Delhi - 2022",3963.89,13,"13 °C",100,"CALM","0 km/h","0 km/h","985.81 hPa","0.0 mm","Fog"
"543",2022-01-24 09:00:00,"Delhi - 2022",4377.99,15,"12 °C",82,"CALM","0 km/h","0 km/h","985.81 hPa","0.0 mm","Fog"
"544",2022-01-24 10:00:00,"Delhi - 2022",4851.59,15,"12 °C",82,"NW","6 km/h","0 km/h","984.84 hPa","0.0 mm","Fog"
"545",2022-01-24 11:00:00,"Delhi - 2022",4819.59,15,"11 °C",77,"WNW","7 km/h","0 km/h","984.84 hPa","0.0 mm","Fog"
"546",2022-01-24 12:00:00,"Delhi - 2022",4674.79,13,"11 °C",88,"W","9 km/h","0 km/h","985.81 hPa","0.0 mm","Fog"
"547",2022-01-24 13:00:00,"Delhi - 2022",4380.17,12,"10 °C",88,"CALM","0 km/h","0 km/h","985.81 hPa","0.0 mm","Fog"
"548",2022-01-24 14:00:00,"Delhi - 2022",4122.1,12,"10 °C",88,"CALM","0 km/h","0 km/h","986.79 hPa","0.0 mm","Fog"
"549",2022-01-24 15:00:00,"Delhi - 2022",3900.48,11,"11 °C",100,"CALM","0 km/h","0 km/h","987.76 hPa","0.0 mm","Fog"
"550",2022-01-24 16:00:00,"Delhi - 2022",3713.88,11,"11 °C",100,"CALM","0 km/h","0 km/h","987.76 hPa","0.0 mm","Fog"
"551",2022-01-24 17:00:00,"Delhi - 2022",3644.81,10,"10 °C",100,"CALM","0 km/h","0 km/h","987.76 hPa","0.0 mm","Fog"
"552",2022-01-24 18:00:00,"Delhi - 2022",3838.15,10,"10 °C",100,"CALM","0 km/h","0 km/h","986.79 hPa","0.0 mm","Fog"
"553",2022-01-24 19:00:00,"Delhi - 2022",3907.51,10,"10 °C",100,"CALM","0 km/h","0 km/h","986.79 hPa","0.0 mm","Fog"
"554",2022-01-24 20:00:00,"Delhi - 2022",3745.51,9,"9 °C",100,"CALM","0 km/h","0 km/h","986.79 hPa","0.0 mm","Fog"
"555",2022-01-24 21:00:00,"Delhi - 2022",3517.91,9,"9 °C",100,"CALM","0 km/h","0 km/h","986.79 hPa","0.0 mm","Fog"
"556",2022-01-24 22:00:00,"Delhi - 2022",3282.13,8,"8 °C",100,"CALM","0 km/h","0 km/h","985.81 hPa","0.0 mm","Fog"
"557",2022-01-24 23:00:00,"Delhi - 2022",2771.91,8,"8 °C",100,"W","9 km/h","0 km/h","985.81 hPa","0.0 mm","Fog"
"558",2022-01-25 01:00:00,"Delhi - 2022",1897.36,8,"8 °C",100,"WSW","6 km/h","0 km/h","985.81 hPa","0.0 mm","Fog"
"559",2022-01-25 02:00:00,"Delhi - 2022",1728.41,9,"8 °C",93,"WSW","7 km/h","0 km/h","986.79 hPa","0.0 mm","Fog"
"560",2022-01-25 03:00:00,"Delhi - 2022",1657.28,9,"9 °C",100,"W","9 km/h","0 km/h","986.79 hPa","0.0 mm","Fog"
"561",2022-01-25 04:00:00,"Delhi - 2022",1647.85,10,"9 °C",94,"W","9 km/h","0 km/h","987.76 hPa","0.0 mm","Fog"
"562",2022-01-25 05:00:00,"Delhi - 2022",1774.3,10,"9 °C",94,"WNW","13 km/h","0 km/h","987.76 hPa","0.0 mm","Fog"
"563",2022-01-25 06:00:00,"Delhi - 2022",2199.62,10,"9 °C",94,"W","11 km/h","0 km/h","988.73 hPa","0.0 mm","Fog"
"564",2022-01-25 06:00:00,"Delhi - 2022",2199.62,11,"10 °C",94,"WNW","11 km/h","0 km/h","987.76 hPa","0.0 mm","Fog"
"565",2022-01-25 07:00:00,"Delhi - 2022",3022.65,11,"10 °C",94,"WNW","11 km/h","0 km/h","986.79 hPa","0.0 mm","Fog"
"566",2022-01-25 08:00:00,"Delhi - 2022",3953.55,11,"10 °C",94,"W","13 km/h","0 km/h","986.79 hPa","0.0 mm","Fog"
"567",2022-01-25 09:00:00,"Delhi - 2022",4422.74,11,"10 °C",94,"W","11 km/h","0 km/h","985.81 hPa","0.0 mm","Fog"
"568",2022-01-25 10:00:00,"Delhi - 2022",4842.91,11,"10 °C",94,"WNW","11 km/h","0 km/h","985.81 hPa","0.0 mm","Fog"
"569",2022-01-25 11:00:00,"Delhi - 2022",4907.9,11,"11 °C",100,"W","9 km/h","0 km/h","985.81 hPa","0.0 mm","Fog"
"570",2022-01-25 12:00:00,"Delhi - 2022",4769.3,11,"11 °C",100,"SW","6 km/h","0 km/h","985.81 hPa","0.0 mm","Fog"
"571",2022-01-25 13:00:00,"Delhi - 2022",4460.33,11,"11 °C",100,"SW","6 km/h","0 km/h","985.81 hPa","0.0 mm","Fog"
"572",2022-01-25 14:00:00,"Delhi - 2022",4203.69,10,"10 °C",100,"CALM","0 km/h","0 km/h","986.79 hPa","0.0 mm","Fog"
"573",2022-01-25 15:00:00,"Delhi - 2022",4089.29,10,"10 °C",100,"CALM","0 km/h","0 km/h","986.79 hPa","0.0 mm","Fog"
"574",2022-01-25 16:00:00,"Delhi - 2022",3861.35,10,"9 °C",94,"CALM","0 km/h","0 km/h","987.76 hPa","0.0 mm","Fog"
"575",2022-01-25 17:00:00,"Delhi - 2022",3840.48,9,"9 °C",100,"CALM","0 km/h","0 km/h","987.76 hPa","0.0 mm","Fog"
"576",2022-01-25 18:00:00,"Delhi - 2022",4021.5,9,"9 °C",100,"CALM","0 km/h","0 km/h","986.79 hPa","0.0 mm","Fog"
"577",2022-01-25 19:00:00,"Delhi - 2022",4029.68,8,"8 °C",100,"CALM","0 km/h","0 km/h","986.79 hPa","0.0 mm","Fog"
"578",2022-01-25 20:00:00,"Delhi - 2022",3843.73,8,"8 °C",100,"CALM","0 km/h","0 km/h","986.79 hPa","0.0 mm","Fog"
"579",2022-01-25 21:00:00,"Delhi - 2022",3613.6,8,"8 °C",100,"CALM","0 km/h","0 km/h","986.79 hPa","0.0 mm","Fog"
"580",2022-01-25 22:00:00,"Delhi - 2022",3421.49,8,"8 °C",100,"CALM","0 km/h","0 km/h","986.79 hPa","0.0 mm","Fog"
"581",2022-01-25 23:00:00,"Delhi - 2022",2888.14,8,"8 °C",100,"CALM","0 km/h","0 km/h","985.81 hPa","0.0 mm","Fog"
"582",2022-01-26 01:00:00,"Delhi - 2022",1966.14,8,"8 °C",100,"WSW","6 km/h","0 km/h","985.81 hPa","0.0 mm","Fog"
"583",2022-01-26 02:00:00,"Delhi - 2022",1790.23,8,"8 °C",100,"CALM","0 km/h","0 km/h","986.79 hPa","0.0 mm","Fog"
"584",2022-01-26 03:00:00,"Delhi - 2022",1672.32,8,"8 °C",100,"CALM","0 km/h","0 km/h","987.76 hPa","0.0 mm","Fog"
"585",2022-01-26 04:00:00,"Delhi - 2022",1656.49,10,"9 °C",94,"CALM","0 km/h","0 km/h","987.76 hPa","0.0 mm","Fog"
"586",2022-01-26 05:00:00,"Delhi - 2022",1759.28,11,"11 °C",100,"W","13 km/h","0 km/h","988.73 hPa","0.0 mm","Fog"
"587",2022-01-26 06:00:00,"Delhi - 2022",2059.76,13,"12 °C",94,"W","11 km/h","0 km/h","988.73 hPa","0.0 mm","Fog"
"588",2022-01-26 06:00:00,"Delhi - 2022",2059.76,14,"13 °C",94,"W","11 km/h","0 km/h","988.73 hPa","0.0 mm","Fog"
"589",2022-01-26 07:00:00,"Delhi - 2022",2588.55,15,"13 °C",88,"WNW","9 km/h","0 km/h","987.76 hPa","0.0 mm","Fog"
"590",2022-01-26 08:00:00,"Delhi - 2022",3295.94,14,"12 °C",88,"WNW","13 km/h","0 km/h","987.76 hPa","0.0 mm","Fog"
"591",2022-01-26 09:00:00,"Delhi - 2022",3741.25,15,"12 °C",82,"W","15 km/h","0 km/h","986.79 hPa","0.0 mm","Fog"
"592",2022-01-26 10:00:00,"Delhi - 2022",4124.77,15,"12 °C",82,"NW","15 km/h","0 km/h","986.79 hPa","0.0 mm","Fog"
"593",2022-01-26 11:00:00,"Delhi - 2022",4189.51,15,"12 °C",82,"WNW","11 km/h","0 km/h","986.79 hPa","0.0 mm","Fog"
"594",2022-01-26 12:00:00,"Delhi - 2022",3999.08,14,"12 °C",88,"W","9 km/h","0 km/h","986.79 hPa","0.0 mm","Fog"
"595",2022-01-26 13:00:00,"Delhi - 2022",3825.71,13,"11 °C",88,"WNW","7 km/h","0 km/h","987.76 hPa","0.0 mm","Fog"
"596",2022-01-26 14:00:00,"Delhi - 2022",3384.74,12,"11 °C",94,"CALM","0 km/h","0 km/h","987.76 hPa","0.0 mm","Fog"
"597",2022-01-26 15:00:00,"Delhi - 2022",3051.83,12,"11 °C",94,"CALM","0 km/h","0 km/h","988.73 hPa","0.0 mm","Fog"
"598",2022-01-26 16:00:00,"Delhi - 2022",2810.63,11,"10 °C",94,"CALM","0 km/h","0 km/h","988.73 hPa","0.0 mm","Fog"
"599",2022-01-26 17:00:00,"Delhi - 2022",2766.06,11,"10 °C",94,"CALM","0 km/h","0 km/h","988.73 hPa","0.0 mm","Fog"
"600",2022-01-26 18:00:00,"Delhi - 2022",3036.75,10,"9 °C",94,"CALM","0 km/h","0 km/h","988.73 hPa","0.0 mm","Fog"
"601",2022-01-26 19:00:00,"Delhi - 2022",3204.25,10,"9 °C",94,"CALM","0 km/h","0 km/h","988.73 hPa","0.0 mm","Fog"
"602",2022-01-26 20:00:00,"Delhi - 2022",3153.09,9,"8 °C",93,"CALM","0 km/h","0 km/h","987.76 hPa","0.0 mm","Fog"
"603",2022-01-26 21:00:00,"Delhi - 2022",3158.38,9,"8 °C",93,"CALM","0 km/h","0 km/h","987.76 hPa","0.0 mm","Fog"
"604",2022-01-26 22:00:00,"Delhi - 2022",2990.06,9,"8 °C",93,"SW","7 km/h","0 km/h","987.76 hPa","0.0 mm","Fog"
"605",2022-01-26 23:00:00,"Delhi - 2022",2491.92,9,"8 °C",93,"CALM","0 km/h","0 km/h","987.76 hPa","0.0 mm","Fog"
"606",2022-01-27 01:00:00,"Delhi - 2022",1687.62,8,"7 °C",93,"SW","6 km/h","0 km/h","987.76 hPa","0.0 mm","Fog"
"607",2022-01-27 02:00:00,"Delhi - 2022",1525.03,8,"7 °C",93,"WSW","6 km/h","0 km/h","987.76 hPa","0.0 mm","Fog"
"608",2022-01-27 03:00:00,"Delhi - 2022",1462.07,8,"7 °C",93,"WSW","7 km/h","0 km/h","988.73 hPa","0.0 mm","Fog"
"609",2022-01-27 04:00:00,"Delhi - 2022",1469.64,9,"7 °C",87,"W","9 km/h","0 km/h","989.70 hPa","0.0 mm","Fog"
"610",2022-01-27 05:00:00,"Delhi - 2022",1606.94,11,"8 °C",82,"W","11 km/h","0 km/h","990.68 hPa","0.0 mm","Fog"
"611",2022-01-27 06:00:00,"Delhi - 2022",2035.63,14,"13 °C",94,"W","13 km/h","0 km/h","990.68 hPa","0.0 mm","Fog"
"612",2022-01-27 06:00:00,"Delhi - 2022",2035.63,16,"13 °C",82,"WNW","15 km/h","0 km/h","990.68 hPa","0.0 mm","Fog"
"613",2022-01-27 07:00:00,"Delhi - 2022",2824.21,17,"9 °C",59,"WNW","19 km/h","0 km/h","989.70 hPa","0.0 mm","Smoke"
"614",2022-01-27 08:00:00,"Delhi - 2022",3851.31,17,"12 °C",72,"NNW","19 km/h","37 km/h","988.73 hPa","0.0 mm","Smoke"
"615",2022-01-27 09:00:00,"Delhi - 2022",4344.8,17,"11 °C",68,"NW","19 km/h","0 km/h","987.76 hPa","0.0 mm","Smoke"
"616",2022-01-27 10:00:00,"Delhi - 2022",4755.4,17,"10 °C",63,"NW","19 km/h","0 km/h","987.76 hPa","0.0 mm","Smoke"
"617",2022-01-27 11:00:00,"Delhi - 2022",4719.2,17,"10 °C",63,"NW","17 km/h","0 km/h","987.76 hPa","0.0 mm","Smoke"
"618",2022-01-27 12:00:00,"Delhi - 2022",4468.89,16,"11 °C",72,"WNW","11 km/h","0 km/h","987.76 hPa","0.0 mm","Smoke"
"619",2022-01-27 13:00:00,"Delhi - 2022",4003.47,14,"12 °C",88,"W","9 km/h","0 km/h","988.73 hPa","0.0 mm","Fog"
"620",2022-01-27 14:00:00,"Delhi - 2022",3710.58,13,"13 °C",100,"W","9 km/h","0 km/h","988.73 hPa","0.0 mm","Fog"
"621",2022-01-27 15:00:00,"Delhi - 2022",3605.28,12,"12 °C",100,"W","9 km/h","0 km/h","988.73 hPa","0.0 mm","Fog"
"622",2022-01-27 16:00:00,"Delhi - 2022",3506.88,11,"11 °C",100,"W","9 km/h","0 km/h","988.73 hPa","0.0 mm","Fog"
"623",2022-01-27 17:00:00,"Delhi - 2022",3618.44,11,"11 °C",100,"W","7 km/h","0 km/h","988.73 hPa","0.0 mm","Fog"
"624",2022-01-27 18:00:00,"Delhi - 2022",3781.59,11,"10 °C",94,"WSW","7 km/h","0 km/h","988.73 hPa","0.0 mm","Fog"
"625",2022-01-27 19:00:00,"Delhi - 2022",3855.59,10,"10 °C",100,"WSW","7 km/h","0 km/h","988.73 hPa","0.0 mm","Fog"
"626",2022-01-27 20:00:00,"Delhi - 2022",3696.08,10,"9 °C",94,"WSW","7 km/h","0 km/h","988.73 hPa","0.0 mm","Fog"
"627",2022-01-27 21:00:00,"Delhi - 2022",3454.54,9,"9 °C",100,"W","7 km/h","0 km/h","987.76 hPa","0.0 mm","Fog"
"628",2022-01-27 22:00:00,"Delhi - 2022",3245.89,8,"8 °C",100,"W","6 km/h","0 km/h","987.76 hPa","0.0 mm","Fog"
"629",2022-01-27 23:00:00,"Delhi - 2022",2785.88,8,"8 °C",100,"WSW","9 km/h","0 km/h","986.79 hPa","0.0 mm","Fog"
"630",2022-01-28 01:00:00,"Delhi - 2022",1887.13,8,"8 °C",100,"W","9 km/h","0 km/h","987.76 hPa","0.0 mm","Fog"
"631",2022-01-28 02:00:00,"Delhi - 2022",1730.4,7,"6 °C",93,"W","11 km/h","0 km/h","987.76 hPa","0.0 mm","Fog"
"632",2022-01-28 03:00:00,"Delhi - 2022",1659.66,7,"7 °C",100,"W","9 km/h","0 km/h","988.73 hPa","0.0 mm","Fog"
"633",2022-01-28 04:00:00,"Delhi - 2022",1643.92,9,"9 °C",100,"W","13 km/h","0 km/h","988.73 hPa","0.0 mm","Fog"
"634",2022-01-28 05:00:00,"Delhi - 2022",1776.35,12,"10 °C",88,"W","15 km/h","0 km/h","989.70 hPa","0.0 mm","Fog"
"635",2022-01-28 06:00:00,"Delhi - 2022",2260.74,14,"10 °C",77,"W","15 km/h","0 km/h","989.70 hPa","0.0 mm","Fog"
"636",2022-01-28 06:00:00,"Delhi - 2022",2260.74,16,"9 °C",63,"W","17 km/h","0 km/h","989.70 hPa","0.0 mm","Haze"
"637",2022-01-28 07:00:00,"Delhi - 2022",3102.4,18,"7 °C",49,"W","22 km/h","0 km/h","988.73 hPa","0.0 mm","Haze"
"638",2022-01-28 08:00:00,"Delhi - 2022",4195.53,19,"6 °C",43,"W","22 km/h","0 km/h","987.76 hPa","0.0 mm","Haze"
"639",2022-01-28 09:00:00,"Delhi - 2022",4576.3,19,"3 °C",35,"W","22 km/h","0 km/h","987.76 hPa","0.0 mm","Haze"
"640",2022-01-28 10:00:00,"Delhi - 2022",4999.76,19,"3 °C",35,"W","20 km/h","0 km/h","987.76 hPa","0.0 mm","Haze"
"641",2022-01-28 11:00:00,"Delhi - 2022",4936.64,18,"4 °C",40,"W","17 km/h","0 km/h","987.76 hPa","0.0 mm","Haze"
"642",2022-01-28 12:00:00,"Delhi - 2022",4704.48,17,"6 °C",48,"W","11 km/h","0 km/h","987.76 hPa","0.0 mm","Haze"
"643",2022-01-28 13:00:00,"Delhi - 2022",4211.49,15,"7 °C",59,"W","6 km/h","0 km/h","988.73 hPa","0.0 mm","Haze"
"644",2022-01-28 14:00:00,"Delhi - 2022",3761.1,14,"9 °C",72,"WSW","6 km/h","0 km/h","988.73 hPa","0.0 mm","Haze"
"645",2022-01-28 15:00:00,"Delhi - 2022",3565.84,13,"10 °C",82,"WSW","7 km/h","0 km/h","989.70 hPa","0.0 mm","Haze"
"646",2022-01-28 16:00:00,"Delhi - 2022",3436.16,12,"10 °C",88,"CALM","0 km/h","0 km/h","989.70 hPa","0.0 mm","Fog"
"647",2022-01-28 17:00:00,"Delhi - 2022",3482.63,12,"10 °C",88,"CALM","0 km/h","0 km/h","989.70 hPa","0.0 mm","Fog"
"648",2022-01-28 18:00:00,"Delhi - 2022",3679.9,10,"9 °C",94,"CALM","0 km/h","0 km/h","988.73 hPa","0.0 mm","Fog"
"649",2022-01-28 19:00:00,"Delhi - 2022",3827.34,10,"9 °C",94,"CALM","0 km/h","0 km/h","988.73 hPa","0.0 mm","Fog"
"650",2022-01-28 20:00:00,"Delhi - 2022",3679.14,10,"9 °C",94,"CALM","0 km/h","0 km/h","988.73 hPa","0.0 mm","Fog"
"651",2022-01-28 21:00:00,"Delhi - 2022",3401.27,9,"9 °C",100,"CALM","0 km/h","0 km/h","988.73 hPa","0.0 mm","Fog"
"652",2022-01-28 22:00:00,"Delhi - 2022",3153.65,9,"9 °C",100,"CALM","0 km/h","0 km/h","988.73 hPa","0.0 mm","Fog"
"653",2022-01-28 23:00:00,"Delhi - 2022",2697.82,8,"8 °C",100,"CALM","0 km/h","0 km/h","988.73 hPa","0.0 mm","Fog"
"654",2022-01-29 01:00:00,"Delhi - 2022",1876.11,8,"8 °C",100,"CALM","0 km/h","0 km/h","988.73 hPa","0.0 mm","Fog"
"655",2022-01-29 02:00:00,"Delhi - 2022",1707.82,8,"8 °C",100,"CALM","0 km/h","0 km/h","988.73 hPa","0.0 mm","Fog"
"656",2022-01-29 03:00:00,"Delhi - 2022",1613.82,8,"8 °C",100,"CALM","0 km/h","0 km/h","989.70 hPa","0.0 mm","Fog"
"657",2022-01-29 04:00:00,"Delhi - 2022",1622.4,11,"10 °C",94,"CALM","0 km/h","0 km/h","989.70 hPa","0.0 mm","Fog"
"658",2022-01-29 05:00:00,"Delhi - 2022",1747.18,15,"11 °C",77,"W","7 km/h","0 km/h","990.68 hPa","0.0 mm","Fog"
"659",2022-01-29 06:00:00,"Delhi - 2022",2170.87,16,"10 °C",68,"WSW","11 km/h","0 km/h","990.68 hPa","0.0 mm","Haze"
"660",2022-01-29 06:00:00,"Delhi - 2022",2170.87,17,"9 °C",59,"W","11 km/h","0 km/h","990.68 hPa","0.0 mm","Haze"
"661",2022-01-29 07:00:00,"Delhi - 2022",2934.6,19,"5 °C",40,"W","11 km/h","0 km/h","988.73 hPa","0.0 mm","Haze"
"662",2022-01-29 08:00:00,"Delhi - 2022",3834.08,20,"5 °C",37,"W","11 km/h","0 km/h","987.76 hPa","0.0 mm","Haze"
"663",2022-01-29 09:00:00,"Delhi - 2022",4104.15,20,"4 °C",35,"W","15 km/h","0 km/h","987.76 hPa","0.0 mm","Haze"
"664",2022-01-29 10:00:00,"Delhi - 2022",4342.51,21,"5 °C",35,"W","15 km/h","0 km/h","987.76 hPa","0.0 mm","Haze"
"665",2022-01-29 11:00:00,"Delhi - 2022",4347.45,20,"5 °C",37,"W","13 km/h","0 km/h","987.76 hPa","0.0 mm","Haze"
"666",2022-01-29 12:00:00,"Delhi - 2022",4089.71,18,"7 °C",49,"W","7 km/h","0 km/h","986.79 hPa","0.0 mm","Haze"
"667",2022-01-29 13:00:00,"Delhi - 2022",3671.12,16,"9 °C",63,"W","7 km/h","0 km/h","987.76 hPa","0.0 mm","Smoke"
"668",2022-01-29 14:00:00,"Delhi - 2022",3314.57,16,"10 °C",68,"CALM","0 km/h","0 km/h","987.76 hPa","0.0 mm","Smoke"
"669",2022-01-29 15:00:00,"Delhi - 2022",3112.82,15,"11 °C",77,"CALM","0 km/h","0 km/h","987.76 hPa","0.0 mm","Fog"
"670",2022-01-29 16:00:00,"Delhi - 2022",3047.71,15,"11 °C",77,"CALM","0 km/h","0 km/h","988.73 hPa","0.0 mm","Fog"
"671",2022-01-29 17:00:00,"Delhi - 2022",3129.5,14,"12 °C",88,"VAR","4 km/h","0 km/h","988.73 hPa","0.0 mm","Fog"
"672",2022-01-29 18:00:00,"Delhi - 2022",3406.77,13,"12 °C",94,"WNW","7 km/h","0 km/h","987.76 hPa","0.0 mm","Fog"
"673",2022-01-29 19:00:00,"Delhi - 2022",3561.34,12,"12 °C",100,"W","6 km/h","0 km/h","987.76 hPa","0.0 mm","Fog"
"674",2022-01-29 20:00:00,"Delhi - 2022",3371.6,12,"12 °C",100,"WSW","7 km/h","0 km/h","986.79 hPa","0.0 mm","Fog"
"675",2022-01-29 21:00:00,"Delhi - 2022",3168.29,11,"11 °C",100,"WSW","6 km/h","0 km/h","986.79 hPa","0.0 mm","Fog"
"676",2022-01-29 22:00:00,"Delhi - 2022",2953.94,11,"11 °C",100,"WSW","7 km/h","0 km/h","985.81 hPa","0.0 mm","Fog"
"677",2022-01-29 23:00:00,"Delhi - 2022",2548.6,10,"10 °C",100,"SW","7 km/h","0 km/h","984.84 hPa","0.0 mm","Fog"
"678",2022-01-30 01:00:00,"Delhi - 2022",1767.45,10,"10 °C",100,"WSW","9 km/h","0 km/h","984.84 hPa","0.0 mm","Fog"
"679",2022-01-30 02:00:00,"Delhi - 2022",1627.34,10,"10 °C",100,"WSW","11 km/h","0 km/h","984.84 hPa","0.0 mm","Fog"
"680",2022-01-30 03:00:00,"Delhi - 2022",1534.37,11,"10 °C",94,"WSW","13 km/h","0 km/h","984.84 hPa","0.0 mm","Fog"
"681",2022-01-30 04:00:00,"Delhi - 2022",1533.81,12,"11 °C",94,"WSW","15 km/h","0 km/h","985.81 hPa","0.0 mm","Fog"
"682",2022-01-30 05:00:00,"Delhi - 2022",1638.46,13,"13 °C",100,"WSW","13 km/h","0 km/h","985.81 hPa","0.0 mm","Fog"
"683",2022-01-30 06:00:00,"Delhi - 2022",1987.33,15,"13 °C",88,"WSW","19 km/h","0 km/h","985.81 hPa","0.0 mm","Fog"
"684",2022-01-30 06:00:00,"Delhi - 2022",1987.33,18,"9 °C",56,"W","20 km/h","0 km/h","984.84 hPa","0.0 mm","Fog"
"685",2022-01-30 07:00:00,"Delhi - 2022",2594.4,18,"9 °C",56,"WNW","26 km/h","0 km/h","983.87 hPa","0.0 mm","Haze"
"686",2022-01-30 08:00:00,"Delhi - 2022",3430.25,20,"9 °C",49,"W","20 km/h","0 km/h","982.90 hPa","0.0 mm","Haze"
"687",2022-01-30 09:00:00,"Delhi - 2022",3843.06,21,"8 °C",43,"W","22 km/h","0 km/h","981.93 hPa","0.0 mm","Haze"
"688",2022-01-30 10:00:00,"Delhi - 2022",4274.99,21,"8 °C",43,"W","17 km/h","0 km/h","981.93 hPa","0.0 mm","Haze"
"689",2022-01-30 11:00:00,"Delhi - 2022",4362.71,20,"8 °C",46,"W","17 km/h","0 km/h","981.93 hPa","0.0 mm","Haze"
"690",2022-01-30 12:00:00,"Delhi - 2022",4196.91,18,"8 °C",52,"W","9 km/h","0 km/h","981.93 hPa","0.0 mm","Haze"
"691",2022-01-30 13:00:00,"Delhi - 2022",3734.68,16,"10 °C",68,"WSW","7 km/h","0 km/h","982.90 hPa","0.0 mm","Haze"
"692",2022-01-30 14:00:00,"Delhi - 2022",3307.74,15,"10 °C",72,"WSW","6 km/h","0 km/h","982.90 hPa","0.0 mm","Haze"
"693",2022-01-30 15:00:00,"Delhi - 2022",3014.39,15,"12 °C",82,"WSW","6 km/h","0 km/h","983.87 hPa","0.0 mm","Fog"
"694",2022-01-30 16:00:00,"Delhi - 2022",2859.46,15,"12 °C",82,"CALM","0 km/h","0 km/h","983.87 hPa","0.0 mm","Fog"
"695",2022-01-30 17:00:00,"Delhi - 2022",2916.47,14,"11 °C",82,"CALM","0 km/h","0 km/h","983.87 hPa","0.0 mm","Fog"
"696",2022-01-30 18:00:00,"Delhi - 2022",3149.39,13,"11 °C",88,"CALM","0 km/h","0 km/h","982.90 hPa","0.0 mm","Fog"
"697",2022-01-30 19:00:00,"Delhi - 2022",3327.28,13,"11 °C",88,"CALM","0 km/h","0 km/h","982.90 hPa","0.0 mm","Fog"
"698",2022-01-30 20:00:00,"Delhi - 2022",3192.4,11,"9 °C",88,"CALM","0 km/h","0 km/h","982.90 hPa","0.0 mm","Fog"
"699",2022-01-30 21:00:00,"Delhi - 2022",2959.7,11,"9 °C",88,"CALM","0 km/h","0 km/h","982.90 hPa","0.0 mm","Fog"
"700",2022-01-30 22:00:00,"Delhi - 2022",2801.75,10,"9 °C",94,"CALM","0 km/h","0 km/h","981.93 hPa","0.0 mm","Fog"
"701",2022-01-30 23:00:00,"Delhi - 2022",2409.81,10,"9 °C",94,"CALM","0 km/h","0 km/h","982.90 hPa","0.0 mm","Fog"
"702",2022-01-31 01:00:00,"Delhi - 2022",1697.3,10,"9 °C",94,"CALM","0 km/h","0 km/h","982.90 hPa","0.0 mm","Fog"
"703",2022-01-31 02:00:00,"Delhi - 2022",1555.21,10,"9 °C",94,"CALM","0 km/h","0 km/h","982.90 hPa","0.0 mm","Fog"
"704",2022-01-31 03:00:00,"Delhi - 2022",1483.99,10,"9 °C",94,"CALM","0 km/h","0 km/h","983.87 hPa","0.0 mm","Fog"
"705",2022-01-31 04:00:00,"Delhi - 2022",1508.03,11,"9 °C",88,"CALM","0 km/h","0 km/h","984.84 hPa","0.0 mm","Fog"
"706",2022-01-31 05:00:00,"Delhi - 2022",1659.88,15,"11 °C",77,"ESE","6 km/h","0 km/h","985.81 hPa","0.0 mm","Fog"
"707",2022-01-31 06:00:00,"Delhi - 2022",2146.13,18,"12 °C",68,"ESE","6 km/h","0 km/h","985.81 hPa","0.0 mm","Smoke"
"708",2022-01-31 06:00:00,"Delhi - 2022",2146.13,20,"11 °C",56,"SE","6 km/h","0 km/h","984.84 hPa","0.0 mm","Smoke"
"709",2022-01-31 07:00:00,"Delhi - 2022",2976.1,21,"11 °C",53,"ESE","7 km/h","0 km/h","983.87 hPa","0.0 mm","Smoke"
"710",2022-01-31 08:00:00,"Delhi - 2022",3924.29,22,"9 °C",43,"S","7 km/h","0 km/h","982.90 hPa","0.0 mm","Smoke"
"711",2022-01-31 09:00:00,"Delhi - 2022",4227.53,22,"10 °C",46,"ENE","13 km/h","0 km/h","981.93 hPa","0.0 mm","Smoke"
"712",2022-01-31 10:00:00,"Delhi - 2022",4499.81,20,"10 °C",52,"ENE","13 km/h","0 km/h","982.90 hPa","0.0 mm","Smoke"
"713",2022-01-31 11:00:00,"Delhi - 2022",4422.45,18,"10 °C",59,"ENE","13 km/h","0 km/h","982.90 hPa","0.0 mm","Smoke"
"714",2022-01-31 12:00:00,"Delhi - 2022",4185.25,16,"12 °C",77,"ENE","13 km/h","0 km/h","982.90 hPa","0.0 mm","Fog"
"715",2022-01-31 13:00:00,"Delhi - 2022",3820.31,15,"11 °C",77,"E","7 km/h","0 km/h","982.90 hPa","0.0 mm","Fog"
"716",2022-01-31 14:00:00,"Delhi - 2022",3519.5,14,"12 °C",88,"E","6 km/h","0 km/h","983.87 hPa","0.0 mm","Fog"
"717",2022-01-31 15:00:00,"Delhi - 2022",3366.12,13,"12 °C",94,"E","7 km/h","0 km/h","983.87 hPa","0.0 mm","Fog"
"718",2022-01-31 16:00:00,"Delhi - 2022",3310.65,13,"12 °C",94,"ESE","6 km/h","0 km/h","984.84 hPa","0.0 mm","Fog"
"719",2022-01-31 17:00:00,"Delhi - 2022",3362.13,12,"11 °C",94,"CALM","0 km/h","0 km/h","984.84 hPa","0.0 mm","Fog"
